runner_id,age,gender,resting_hr,max_hr,vo2_max,weekly_mileage_km,avg_easy_pace_min_km,avg_tempo_pace_min_km,training_consistency,pb_5k_mins,pb_10k_mins,pb_half_mins,pb_full_mins,target_race,actual_finish_time_mins
R-0001,56,Male,53,193,63.3,96.8,4.81,4.09,0.67,19.5,41,91,195.6,Full Marathon,196.6
R-0002,46,Male,61,188,47.7,37.2,6.66,5.66,0.89,28.5,59.8,132.8,285.5,Half Marathon,136.6
R-0003,32,Female,56,174,46.3,75.4,7.43,6.32,0.8,32,67.2,149.2,320.8,5K,32.5
R-0004,25,Female,69,201,63.1,101.2,5.31,4.51,0.87,21.6,45.4,100.8,216.7,10K,46.1
R-0005,38,Male,58,170,55.3,80.8,5.55,4.72,0.68,23.2,48.7,108.1,232.4,10K,48.6
R-0006,56,Female,59,192,38.5,43,8.33,7.08,0.9,36.8,77.3,171.6,368.9,Full Marathon,368.1
R-0007,36,Male,60,206,36.3,17.7,7.16,6.09,1,31.8,66.8,148.3,318.8,Half Marathon,144.9
R-0008,40,Male,66,177,51.9,66.4,6.42,5.46,0.87,27.1,56.9,126.3,271.5,10K,57.7
R-0009,28,Male,66,182,62.9,81.2,4.44,3.77,0.8,18,37.8,83.9,180.4,Half Marathon,85.1
R-0010,28,Male,72,177,60.3,81.4,5.6,4.76,0.97,23,48.3,107.2,230.5,Half Marathon,109.5
R-0011,41,Female,64,192,55.3,78,5.81,4.94,0.61,24.3,51,113.2,243.4,10K,50.3
R-0012,53,Female,45,170,39.2,15,8.12,6.9,0.89,35.7,75,166.5,358,Half Marathon,170.6
R-0013,57,Female,54,193,42.6,33.9,7.6,6.46,0.96,33.1,69.5,154.3,331.7,10K,71.9
R-0014,41,Male,52,204,61.3,80.9,5.08,4.32,0.62,20.8,43.7,97,208.6,Full Marathon,201
R-0015,20,Male,62,193,40.5,36.1,7.06,6,0.78,31,65.1,144.5,310.7,5K,30.7
R-0016,39,Male,72,186,43.4,48.1,7,5.95,0.68,30.4,63.8,141.6,304.4,5K,31.5
R-0017,19,Female,45,174,38.9,37.8,8.55,7.27,0.83,37.7,79.2,175.8,378,Full Marathon,370.6
R-0018,41,Male,46,189,55.3,84.1,6.78,5.76,0.86,28.3,59.4,131.9,283.6,10K,60.3
R-0019,47,Female,45,190,63.3,109.2,4.69,3.99,0.72,19.1,40.1,89,191.4,10K,40.1
R-0020,55,Female,45,200,43.1,47.7,7.59,6.45,0.78,33,69.3,153.8,330.7,10K,70
R-0021,19,Female,53,205,49.3,77,5.7,4.84,0.71,24.3,51,113.2,243.4,10K,51.1
R-0022,38,Female,57,180,54,71.9,5.88,5,0.75,24.7,51.9,115.2,247.7,Full Marathon,253.2
R-0023,50,Female,74,184,65,98.3,4.54,3.86,0.66,18.3,38.4,85.2,183.2,5K,17.7
R-0024,29,Female,45,188,38.1,34.3,8.22,6.99,0.95,36.3,76.2,169.2,363.8,Half Marathon,164.6
R-0025,39,Male,57,176,50,57.8,5.85,4.97,0.6,24.8,52.1,115.7,248.8,Half Marathon,120.8
R-0026,42,Male,64,197,46.6,69.5,7.05,5.99,0.95,30.3,63.6,141.2,303.6,5K,32.2
R-0027,44,Female,70,174,61,100.6,5.4,4.59,0.83,22.1,46.4,103,221.4,Full Marathon,221.4
R-0028,59,Female,66,174,49.3,65.6,6.48,5.51,0.73,27.6,58,128.8,276.9,Half Marathon,135.4
R-0029,45,Male,51,199,38.3,30.1,8.51,7.23,0.89,37.6,79,175.4,377.1,5K,36.7
R-0030,33,Female,46,201,54,66.6,6.98,5.93,0.8,29.3,61.5,136.5,293.5,Full Marathon,288.8
R-0031,32,Female,50,177,58.1,88.6,5.62,4.78,0.8,23.3,48.9,108.6,233.5,Half Marathon,113.3
R-0032,20,Male,51,179,35.1,15,7.82,6.65,0.64,34.9,73.3,162.7,349.8,10K,75.1
R-0033,54,Female,70,207,60.8,104.1,4.67,3.97,0.76,19.1,40.1,89,191.4,10K,42
R-0034,24,Female,58,201,40.6,33.2,7.44,6.32,0.7,32.6,68.5,152.1,327,Full Marathon,331.6
R-0035,38,Female,70,197,51.6,67.3,7.32,6.22,0.61,30.9,64.9,144.1,309.8,10K,62.9
R-0036,26,Male,62,186,47.5,44.2,6.69,5.69,0.74,28.7,60.3,133.9,287.9,Full Marathon,289.8
R-0037,56,Male,59,200,56.6,84.8,6.2,5.27,0.64,25.8,54.2,120.3,258.6,5K,26.7
R-0038,35,Male,46,177,46.1,45.1,6.19,5.26,0.7,26.6,55.9,124.1,266.8,5K,26.5
R-0039,21,Female,54,194,61.1,96.1,5.17,4.39,0.64,21.1,44.3,98.3,211.3,Half Marathon,97.5
R-0040,42,Female,67,178,56.9,86,6.04,5.13,0.64,25.1,52.7,117,251.6,Full Marathon,255.3
R-0041,31,Male,56,171,54.4,65.3,6.11,5.19,0.68,25.6,53.8,119.4,256.7,Half Marathon,117.4
R-0042,26,Female,61,184,58.9,72.5,6.02,5.12,1,24.8,52.1,115.7,248.8,Half Marathon,116.7
R-0043,43,Female,52,172,57.6,95.6,5.44,4.62,0.6,22.5,47.2,104.8,225.3,5K,22.5
R-0044,19,Female,55,205,36.1,21,7.02,5.97,0.86,31.2,65.5,145.4,312.6,Half Marathon,143.3
R-0045,37,Female,73,173,46.8,53.7,7.38,6.27,0.66,31.7,66.6,147.9,318,10K,68.6
R-0046,45,Female,47,183,62.9,99.3,4.74,4.03,0.97,19.3,40.5,89.9,193.3,Half Marathon,91.6
R-0047,24,Male,71,194,38.8,17.6,7.87,6.69,0.64,34.7,72.9,161.8,347.9,Full Marathon,344.2
R-0048,25,Female,50,179,57.1,83.6,6.02,5.12,0.98,25,52.5,116.6,250.7,10K,52.5
R-0049,52,Male,53,190,64.2,98.9,4.25,3.61,0.84,17.2,36.1,80.1,172.2,5K,17.1
R-0050,31,Female,50,205,36.6,17.8,8.36,7.11,0.6,37.1,77.9,172.9,371.7,Full Marathon,364.6
R-0051,34,Male,53,181,55.5,63.1,5.67,4.82,0.96,23.7,49.8,110.6,237.8,10K,47.3
R-0052,53,Female,51,196,49,63.4,6.63,5.64,0.81,28.3,59.4,131.9,283.6,Full Marathon,279.5
R-0053,57,Male,75,171,52.4,77.7,6.08,5.17,0.71,25.6,53.8,119.4,256.7,10K,52.8
R-0054,21,Female,53,182,37.6,28.7,8.55,7.27,0.91,37.9,79.6,176.7,379.9,Full Marathon,381.2
R-0055,19,Male,62,201,36.3,15,8.54,7.26,0.97,38,79.8,177.2,381,Full Marathon,386
R-0056,23,Female,56,200,55,62.8,5.09,4.33,0.79,21.3,44.7,99.2,213.3,10K,43.6
R-0057,59,Male,52,185,59.7,81.5,6.66,5.66,0.73,27.4,57.5,127.6,274.3,5K,27.7
R-0058,21,Female,52,201,58.5,98.3,5.31,4.51,0.92,21.9,46,102.1,219.5,5K,21.3
R-0059,46,Male,62,201,51.3,61,7.42,6.31,0.87,31.4,65.9,146.3,314.5,Full Marathon,313.3
R-0060,35,Male,72,203,38,23.3,7.57,6.43,0.96,33.4,70.1,155.6,334.5,Full Marathon,328.5
R-0061,43,Female,74,180,55.6,58.2,5.77,4.9,0.88,24,50.4,111.9,240.6,5K,24.5
R-0062,51,Female,64,179,42.3,32.9,7.15,6.08,0.7,31.2,65.5,145.4,312.6,5K,31.3
R-0063,27,Male,74,184,62.3,80.5,5.07,4.31,0.97,20.7,43.5,96.6,207.7,Half Marathon,96.3
R-0064,53,Female,59,186,60.1,76.9,6.75,5.74,0.64,27.7,58.2,129.2,277.8,5K,27.2
R-0065,31,Male,71,187,56.3,78,5.83,4.96,0.71,24.3,51,113.2,243.4,Full Marathon,241
R-0066,48,Male,75,178,63.5,92,5,4.25,0.81,20.3,42.6,94.6,203.4,10K,44.9
R-0067,32,Male,51,194,35.9,39.4,7.95,6.76,0.83,35.4,74.3,164.9,354.5,5K,34.9
R-0068,25,Female,55,183,57.1,89.7,5.31,4.51,0.61,22,46.2,102.6,220.6,Half Marathon,104.1
R-0069,31,Male,64,194,44.9,40.3,7.81,6.64,0.91,33.8,71,157.6,338.8,Half Marathon,157.1
R-0070,40,Male,60,191,62.2,83.4,4.54,3.86,0.74,18.5,38.8,86.1,185.1,Half Marathon,87.3
R-0071,57,Female,48,199,43,55.2,6.89,5.86,0.76,30,63,139.9,300.8,10K,64.6
R-0072,38,Female,50,189,56.7,94.5,6.3,5.36,0.92,26.2,55,122.1,262.5,5K,25.9
R-0073,33,Female,70,190,61.3,68.2,5.39,4.58,0.75,22,46.2,102.6,220.6,5K,22.5
R-0074,35,Female,66,201,36.2,24.1,8.15,6.93,0.62,36.2,76,168.7,362.7,5K,39.2
R-0075,41,Male,70,190,46.9,49.2,7.58,6.44,0.67,32.5,68.2,151.4,325.5,10K,69.4
R-0076,43,Male,75,204,57.9,87.6,6.21,5.28,0.98,25.7,54,119.9,257.8,10K,56.6
R-0077,42,Male,47,201,48.6,75.7,6.71,5.7,0.63,28.6,60.1,133.4,286.8,Full Marathon,290.9
R-0078,58,Male,75,199,43,36.5,8.24,7,0.74,35.8,75.2,166.9,358.8,Half Marathon,162.2
R-0079,46,Female,53,208,41.6,17,7.03,5.98,0.8,30.7,64.5,143.2,307.9,Half Marathon,144.4
R-0080,32,Male,72,181,38.9,36.2,7.56,6.43,0.8,33.3,69.9,155.2,333.7,5K,33
R-0081,18,Male,54,187,60.7,102.4,5.41,4.6,0.6,22.2,46.6,103.5,222.5,10K,45.8
R-0082,42,Female,58,190,52.3,63.1,6.22,5.29,0.8,26.2,55,122.1,262.5,10K,54.9
R-0083,24,Male,55,182,37.3,19.1,7.24,6.15,0.75,32.1,67.4,149.6,321.6,5K,32
R-0084,26,Male,62,190,46.5,46.3,6.06,5.15,0.99,26.1,54.8,121.7,261.7,5K,25.3
R-0085,41,Male,66,177,46,57.8,7.11,6.04,0.66,30.6,64.3,142.7,306.8,Full Marathon,331.7
R-0086,18,Male,56,176,40.5,30.1,7.13,6.06,0.74,31.3,65.7,145.9,313.7,Half Marathon,149.4
R-0087,25,Male,67,192,48.1,58.2,7.64,6.49,0.77,32.7,68.7,152.5,327.9,Half Marathon,153.6
R-0088,41,Male,56,201,45,46.9,6.96,5.92,0.76,30.1,63.2,140.3,301.6,Half Marathon,140.7
R-0089,28,Female,57,180,45.3,46.7,6.84,5.81,0.87,29.5,62,137.6,295.8,Full Marathon,306.5
R-0090,34,Female,69,191,57.2,86.2,6.33,5.38,0.69,26.3,55.2,122.5,263.4,5K,27.9
R-0091,25,Male,57,191,41.7,33.1,7.53,6.4,0.69,32.9,69.1,153.4,329.8,5K,33.6
R-0092,52,Male,63,194,54.3,67.2,5.98,5.08,0.89,25,52.5,116.6,250.7,Half Marathon,117
R-0093,52,Female,70,191,52.1,73.6,5.97,5.07,0.8,25.2,52.9,117.4,252.4,Half Marathon,122.6
R-0094,50,Male,63,197,52,55.5,8.13,6.91,0.77,34.3,72,159.8,343.6,Full Marathon,345.1
R-0095,22,Male,67,198,54.9,64.3,6.19,5.26,0.67,25.9,54.4,120.8,259.7,10K,55.1
R-0096,59,Male,58,182,51.5,51.4,6.89,5.86,0.68,29.2,61.3,136.1,292.6,10K,63.1
R-0097,56,Female,48,187,61.4,98.9,4.85,4.12,0.6,19.8,41.6,92.4,198.7,Half Marathon,91.3
R-0098,58,Male,57,171,55.3,73.1,5.68,4.83,0.64,23.7,49.8,110.6,237.8,Full Marathon,223
R-0099,45,Female,52,198,51.4,50.6,7.42,6.31,0.82,31.4,65.9,146.3,314.5,Half Marathon,144.4
R-0100,24,Male,73,190,59.9,94.9,6.21,5.28,0.96,25.5,53.6,119,255.8,10K,54.8
R-0101,26,Female,67,184,53.2,63,6.41,5.45,0.71,27,56.7,125.9,270.7,Half Marathon,128.6
R-0102,25,Female,65,196,43.7,34.5,6.94,5.9,0.73,30.1,63.2,140.3,301.6,10K,65.7
R-0103,29,Male,67,200,41.2,34.6,7.26,6.17,0.65,31.8,66.8,148.3,318.8,10K,66
R-0104,51,Female,63,184,39.6,47.1,7.2,6.12,0.76,31.7,66.6,147.9,318,10K,69.8
R-0105,50,Male,56,192,62,88.1,4.72,4.01,0.61,19.2,40.3,89.5,192.4,5K,19.3
R-0106,40,Female,62,193,56.3,82.6,6.33,5.38,0.97,26.3,55.2,122.5,263.4,5K,26.8
R-0107,41,Male,50,182,63.1,102.2,5.46,4.64,0.87,22.2,46.6,103.5,222.5,Half Marathon,106.3
R-0108,54,Male,62,191,53.1,72.7,6.56,5.58,1,27.6,58,128.8,276.9,10K,55.6
R-0109,52,Female,63,206,49.2,70.6,6.41,5.45,0.95,27.3,57.3,127.2,273.5,5K,26.5
R-0110,57,Male,66,202,36.8,17.7,7.95,6.76,0.79,35.3,74.1,164.5,353.7,Half Marathon,159.4
R-0111,39,Male,49,172,55.1,63.2,5.77,4.9,0.81,24.1,50.6,112.3,241.4,Half Marathon,115.9
R-0112,44,Female,68,188,52.5,56,5.89,5.01,0.68,24.8,52.1,115.7,248.8,Half Marathon,114.6
R-0113,52,Male,53,192,64.7,97.8,5.86,4.98,0.78,23.7,49.8,110.6,237.8,Half Marathon,117.3
R-0114,18,Male,71,198,42.2,29.7,7.34,6.24,0.96,32,67.2,149.2,320.8,Half Marathon,149.2
R-0115,52,Female,47,199,50.9,63.9,6.66,5.66,0.62,28.2,59.2,131.4,282.5,Full Marathon,270
R-0116,54,Female,72,208,54.5,72.8,6.47,5.5,0.95,27.1,56.9,126.3,271.5,10K,55.8
R-0117,31,Male,54,194,54.3,81.7,6.14,5.22,0.74,25.7,54,119.9,257.8,Half Marathon,120.3
R-0118,20,Male,63,206,51.8,67.7,6.44,5.47,0.96,27.2,57.1,126.8,272.6,Full Marathon,276.8
R-0119,18,Female,47,177,58.3,78,5.13,4.36,0.98,21.2,44.5,98.8,212.4,10K,43.2
R-0120,22,Female,73,185,41.1,40.4,6.94,5.9,0.87,30.4,63.8,141.6,304.4,5K,30.9
R-0121,43,Male,73,177,56.8,67.8,5.35,4.55,0.87,22.2,46.6,103.5,222.5,Half Marathon,106.1
R-0122,31,Female,66,170,53.6,69.2,6.44,5.47,0.78,27,56.7,125.9,270.7,Full Marathon,265.5
R-0123,56,Male,75,174,61.9,94.9,5.35,4.55,0.93,21.8,45.8,101.7,218.7,5K,23.1
R-0124,44,Male,59,172,60.4,89,5.01,4.26,0.98,20.6,43.3,96.1,206.6,Full Marathon,203.3
R-0125,26,Male,45,170,44.5,49.5,7.34,6.24,0.91,31.8,66.8,148.3,318.8,10K,64.8
R-0126,32,Male,51,173,43.3,35.7,7.44,6.32,0.85,32.3,67.8,150.5,323.6,10K,64.7
R-0127,32,Male,56,204,64.4,109.9,4.71,4,0.84,19,39.9,88.6,190.5,5K,19.7
R-0128,43,Female,61,201,50.8,80.4,6.41,5.45,0.94,27.2,57.1,126.8,272.6,Full Marathon,272.8
R-0129,59,Female,74,203,62.2,76.5,5.55,4.72,0.82,22.6,47.5,105.4,226.6,Half Marathon,103.9
R-0130,30,Female,65,194,39.9,20.9,7.08,6.02,0.92,31.1,65.3,145,311.8,Half Marathon,138.6
R-0131,49,Female,75,179,54.3,71.9,6.35,5.4,0.8,26.6,55.9,124.1,266.8,5K,26.3
R-0132,56,Male,70,190,59.3,82.2,5.72,4.86,0.62,23.5,49.4,109.7,235.9,5K,25.2
R-0133,49,Male,73,208,63.4,114.7,4.66,3.96,0.75,18.9,39.7,88.1,189.4,5K,17.7
R-0134,21,Male,68,196,45.1,49.1,7.1,6.03,0.78,30.6,64.3,142.7,306.8,Full Marathon,301
R-0135,47,Male,64,196,56.7,91.8,6.01,5.11,0.66,25,52.5,116.6,250.7,Half Marathon,122.9
R-0136,54,Female,49,171,51.2,42.7,6.07,5.16,0.64,25.7,54,119.9,257.8,Half Marathon,124.4
R-0137,40,Male,48,182,36.8,32.9,7.55,6.42,0.81,33.5,70.4,156.3,336,Half Marathon,153.6
R-0138,56,Male,72,178,55.7,68,5.43,4.62,0.63,22.7,47.7,105.9,227.7,5K,22.8
R-0139,32,Female,56,205,55.7,67.9,5.71,4.85,0.72,23.8,50,111,238.6,Half Marathon,112.5
R-0140,46,Female,74,191,62.9,91.9,5.2,4.42,0.9,21.1,44.3,98.3,211.3,10K,44.5
R-0141,53,Female,64,195,49.9,45.5,6.24,5.3,0.99,26.5,55.6,123.4,265.3,5K,27.9
R-0142,30,Female,72,181,41.9,42.8,6.57,5.58,0.89,28.7,60.3,133.9,287.9,Half Marathon,135.3
R-0143,49,Male,68,186,36.3,25.4,7.53,6.4,1,33.5,70.4,156.3,336,Full Marathon,347.4
R-0144,24,Male,62,183,47.5,56,6.54,5.56,0.88,28,58.8,130.5,280.6,5K,28.2
R-0145,39,Female,61,183,44.1,53.1,7.5,6.38,0.72,32.5,68.2,151.4,325.5,10K,64
R-0146,45,Male,63,203,57.8,95.9,6.02,5.12,0.87,24.9,52.3,116.1,249.6,10K,50.4
R-0147,19,Male,53,189,45.6,44.6,7.36,6.26,0.88,31.8,66.8,148.3,318.8,Full Marathon,309.4
R-0148,59,Male,48,180,63.5,100.8,4.78,4.06,0.75,19.4,40.7,90.4,194.4,Full Marathon,192.9
R-0149,23,Female,70,185,63.9,100,5.18,4.4,0.61,21,44.1,97.9,210.5,5K,22.3
R-0150,45,Male,65,200,53.6,73.4,4.93,4.19,0.88,20.7,43.5,96.6,207.7,5K,20.9
R-0151,45,Female,46,175,62.9,98.3,5.42,4.61,0.61,22.1,46.4,103,221.4,10K,46.3
R-0152,37,Male,48,188,57.8,96.7,6.03,5.13,0.85,25,52.5,116.6,250.7,Full Marathon,260
R-0153,47,Male,46,206,51.4,59.1,6.18,5.25,0.67,26.1,54.8,121.7,261.7,5K,25
R-0154,28,Male,59,173,40.4,19.1,7.61,6.47,0.83,33.4,70.1,155.6,334.5,10K,69.1
R-0155,45,Female,46,173,48.8,49.8,5.86,4.98,0.8,25,52.5,116.6,250.7,Full Marathon,245.9
R-0156,42,Male,48,189,51.8,72.4,5.92,5.03,0.61,25,52.5,116.6,250.7,10K,53.1
R-0157,56,Female,50,179,60.9,89.3,5.79,4.92,0.75,23.7,49.8,110.6,237.8,Half Marathon,113.6
R-0158,50,Female,51,193,49.4,53.7,6.82,5.8,0.84,29.1,61.1,135.6,291.5,Full Marathon,295.6
R-0159,18,Female,54,204,61.9,81,5.1,4.34,0.94,20.8,43.7,97,208.6,5K,21.1
R-0160,44,Male,63,195,55.2,76.1,6.39,5.43,0.96,26.7,56.1,124.5,267.7,5K,26.4
R-0161,30,Male,63,206,39.1,37.4,7.66,6.51,0.79,33.7,70.8,157.2,338,Half Marathon,158.7
R-0162,58,Male,70,207,64.8,102.5,4.77,4.05,0.89,19.3,40.5,89.9,193.3,Full Marathon,188.4
R-0163,20,Male,66,190,50.8,59.6,6.33,5.38,0.73,26.8,56.3,125,268.8,10K,57.4
R-0164,56,Female,73,208,46.8,52.9,6.59,5.6,0.74,28.3,59.4,131.9,283.6,5K,27.9
R-0165,23,Female,56,190,54.8,74.2,5.43,4.62,0.68,22.7,47.7,105.9,227.7,Half Marathon,102.3
R-0166,25,Female,47,179,38.3,30.7,8.3,7.06,0.82,36.7,77.1,171.2,368.1,Half Marathon,171.4
R-0167,44,Male,57,207,54.1,59.1,5.81,4.94,0.73,24.4,51.2,113.7,244.5,Full Marathon,230.5
R-0168,26,Female,62,173,49.9,61.7,6.09,5.18,0.63,25.9,54.4,120.8,259.7,Full Marathon,271.2
R-0169,54,Male,52,189,47.2,48.1,6.02,5.12,0.87,25.8,54.2,120.3,258.6,5K,26.4
R-0170,50,Female,65,186,63.6,106.7,4,3.5,0.88,15.5,32.6,72.4,155.7,Half Marathon,73.1
R-0171,59,Male,59,176,50.7,63.2,6.78,5.76,0.74,28.7,60.3,133.9,287.9,10K,57.4
R-0172,41,Male,45,173,41.6,46,7.74,6.58,0.63,33.8,71,157.6,338.8,Half Marathon,154.3
R-0173,32,Female,47,198,48.8,53.8,7.22,6.14,0.77,30.8,64.7,143.6,308.7,10K,64.8
R-0174,49,Female,70,183,62.6,90.9,5.17,4.39,0.78,21,44.1,97.9,210.5,10K,43.8
R-0175,49,Female,52,172,40.3,49.1,7.31,6.21,0.87,32.1,67.4,149.6,321.6,5K,30.5
R-0176,41,Female,48,193,41.4,41.4,7.11,6.04,0.73,31.1,65.3,145,311.8,Half Marathon,139.3
R-0177,58,Male,60,206,35.4,15,7.75,6.59,0.87,34.6,72.7,161.4,347,10K,72.1
R-0178,29,Female,74,185,35.4,30,8.52,7.24,0.95,38,79.8,177.2,381,Full Marathon,366.3
R-0179,56,Female,67,173,59.9,81.1,5.5,4.68,0.69,22.6,47.5,105.4,226.6,10K,49.5
R-0180,19,Female,54,193,57,80.9,5.99,5.09,0.99,24.9,52.3,116.1,249.6,Full Marathon,253.3
R-0181,20,Male,56,203,45.7,66.9,6.71,5.7,0.75,28.9,60.7,134.8,289.8,Full Marathon,282.8
R-0182,54,Male,58,199,55.9,61.4,6.57,5.58,0.71,27.4,57.5,127.6,274.3,Half Marathon,132.1
R-0183,34,Female,58,187,46.9,50,5.86,4.98,0.77,25.2,52.9,117.4,252.4,Full Marathon,259.7
R-0184,19,Male,46,188,63.6,100.3,4.53,3.85,0.64,18.4,38.6,85.7,184.3,10K,38.9
R-0185,19,Female,67,200,64,105,5.29,4.5,0.65,21.4,44.9,99.7,214.4,Full Marathon,214.1
R-0186,45,Male,49,188,46.8,39.1,7.7,6.54,0.77,33,69.3,153.8,330.7,Half Marathon,152.4
R-0187,40,Male,49,188,60.6,72.9,5.33,4.53,0.9,21.8,45.8,101.7,218.7,5K,21.4
R-0188,54,Male,50,191,58.2,92.8,5.26,4.47,0.96,21.7,45.6,101.2,217.6,10K,43.8
R-0189,49,Male,57,193,44.3,37.6,7.57,6.43,0.87,32.8,68.9,153,329,10K,72.1
R-0190,50,Female,53,181,42,31,7.46,6.34,0.64,32.5,68.2,151.4,325.5,Half Marathon,149
R-0191,18,Female,74,199,48.7,72,7.28,6.19,0.87,31.1,65.3,145,311.8,Half Marathon,145.1
R-0192,36,Female,66,207,58.4,83.1,5.01,4.26,0.85,20.7,43.5,96.6,207.7,Half Marathon,94
R-0193,19,Male,72,200,63.8,97.6,5.73,4.87,0.92,23.2,48.7,108.1,232.4,Half Marathon,107.3
R-0194,43,Female,73,205,57.9,79.3,4.94,4.2,0.93,20.4,42.8,95,204.2,10K,46.5
R-0195,49,Female,59,188,60.7,76.3,5.29,4.5,0.95,21.7,45.6,101.2,217.6,5K,21.2
R-0196,23,Female,58,205,53.1,75,6.4,5.44,0.77,26.9,56.5,125.4,269.6,Full Marathon,281.3
R-0197,49,Male,68,199,60.1,91,5.58,4.74,0.88,22.9,48.1,106.8,229.6,Full Marathon,229.4
R-0198,21,Male,51,202,58.5,84.4,6.18,5.25,0.71,25.5,53.6,119,255.8,5K,26
R-0199,28,Male,69,187,46.3,49,5.96,5.07,1,25.7,54,119.9,257.8,5K,26.7
R-0200,34,Female,64,197,51.6,61.3,6.41,5.45,0.67,27.1,56.9,126.3,271.5,5K,27.3
R-0201,55,Female,46,180,59.1,93.4,6.19,5.26,0.6,25.5,53.6,119,255.8,Half Marathon,117.7
R-0202,41,Female,51,202,36.4,22.3,7.89,6.71,0.66,35.1,73.7,163.6,351.7,10K,73.3
R-0203,22,Male,50,186,59.2,83.9,5.01,4.26,0.91,20.6,43.3,96.1,206.6,10K,43.1
R-0204,51,Male,61,175,40.3,39.4,7.97,6.77,0.78,34.9,73.3,162.7,349.8,10K,77.4
R-0205,23,Female,71,173,50.4,63.1,6.14,5.22,0.78,26.1,54.8,121.7,261.7,Half Marathon,116.3
R-0206,39,Male,69,189,59.2,101,5.17,4.39,0.98,21.3,44.7,99.2,213.3,10K,42.3
R-0207,28,Male,69,196,42.6,22.7,6.76,5.75,0.97,29.5,62,137.6,295.8,Half Marathon,130.6
R-0208,33,Male,72,184,42.4,42.7,7.16,6.09,0.72,31.2,65.5,145.4,312.6,10K,63.7
R-0209,50,Male,46,175,47.1,45.2,6.88,5.85,0.68,29.5,62,137.6,295.8,5K,30.1
R-0210,26,Female,47,183,61.8,82,4.69,3.99,0.94,19.2,40.3,89.5,192.4,Full Marathon,196.8
R-0211,23,Male,49,180,35,15.4,7.47,6.35,0.96,33.3,69.9,155.2,333.7,Full Marathon,327.6
R-0212,33,Male,49,208,62,92.5,4.95,4.21,0.82,20.2,42.4,94.1,202.3,Half Marathon,94
R-0213,46,Male,75,178,39.6,33.3,7.06,6,0.85,31,65.1,144.5,310.7,10K,62.9
R-0214,20,Male,45,195,64.7,84,5.05,4.29,0.7,20.4,42.8,95,204.2,Full Marathon,197.9
R-0215,37,Female,52,185,63.6,90.9,5.32,4.52,0.92,21.6,45.4,100.8,216.7,5K,22
R-0216,53,Female,56,174,49.8,62.3,6.63,5.64,0.85,28.2,59.2,131.4,282.5,5K,29.1
R-0217,36,Male,68,179,50.4,52.3,6.57,5.58,0.8,27.9,58.6,130.1,279.7,5K,27.5
R-0218,43,Male,48,172,49.4,47.3,7.4,6.29,0.62,31.5,66.2,147,316,Half Marathon,154.2
R-0219,20,Male,57,182,54.1,48.4,6.3,5.36,0.97,26.4,55.4,123,264.4,Half Marathon,126.6
R-0220,36,Male,67,199,37.7,20.6,8.12,6.9,0.85,35.9,75.4,167.4,359.9,10K,79
R-0221,37,Male,59,175,36,15,7.69,6.54,0.68,34.2,71.8,159.4,342.7,5K,33.9
R-0222,49,Male,75,186,36.7,15,8.3,7.06,0.84,36.9,77.5,172,369.8,10K,81
R-0223,24,Female,55,188,48.3,52.7,6.44,5.47,0.87,27.5,57.8,128.3,275.8,10K,61.6
R-0224,58,Male,54,204,43.3,36.1,7.38,6.27,0.81,32.1,67.4,149.6,321.6,5K,31.7
R-0225,50,Female,47,195,53.7,58.2,5.44,4.62,0.89,22.8,47.9,106.3,228.5,10K,47.7
R-0226,57,Female,66,174,64.8,78.3,5.1,4.34,0.83,20.6,43.3,96.1,206.6,Full Marathon,200.7
R-0227,56,Male,58,198,46.6,54,6.35,5.4,0.98,27.3,57.3,127.2,273.5,Half Marathon,122.8
R-0228,35,Female,60,206,52.2,73.4,6.75,5.74,0.62,28.5,59.8,132.8,285.5,10K,57.8
R-0229,57,Female,54,189,47.5,49.4,7.19,6.11,0.64,30.8,64.7,143.6,308.7,5K,30.1
R-0230,18,Female,73,190,60.4,85.1,5.23,4.45,0.67,21.5,45.2,100.3,215.6,Half Marathon,101.1
R-0231,28,Female,54,179,62.1,92.3,6.31,5.36,0.88,25.7,54,119.9,257.8,Half Marathon,117.1
R-0232,45,Female,56,174,61.3,105.9,5.23,4.45,0.86,21.4,44.9,99.7,214.4,10K,45.2
R-0233,42,Female,74,205,64.2,82.2,4.27,3.63,0.96,17.3,36.3,80.6,173.3,Full Marathon,174.7
R-0234,40,Male,53,175,35.8,18,7.53,6.4,0.89,33.5,70.4,156.3,336,10K,69.4
R-0235,48,Female,45,195,60.2,70,4.96,4.22,0.8,20.4,42.8,95,204.2,Full Marathon,203.8
R-0236,47,Female,49,173,57.6,83.9,5.93,5.04,1,24.6,51.7,114.8,246.8,Half Marathon,113
R-0237,59,Female,64,208,41.9,37,6.69,5.69,0.71,29.2,61.3,136.1,292.6,10K,60.7
R-0238,52,Male,52,208,63.7,98.6,4.86,4.13,0.93,19.7,41.4,91.9,197.6,5K,19.2
R-0239,24,Female,55,204,39.4,33.3,7.72,6.56,0.77,34,71.4,158.5,340.8,10K,71.6
R-0240,33,Male,56,170,55.4,84.3,6.03,5.13,0.86,25.2,52.9,117.4,252.4,Full Marathon,247.9
R-0241,43,Female,45,193,41.7,43.2,7.32,6.22,0.89,32,67.2,149.2,320.8,Full Marathon,309.6
R-0242,19,Male,69,205,47.9,62.7,6.77,5.75,0.85,29,60.9,135.2,290.7,10K,62
R-0243,18,Male,66,175,56.6,66.9,5.65,4.8,0.66,23.5,49.4,109.7,235.9,Full Marathon,240.3
R-0244,29,Female,64,200,51.9,77,5.51,4.68,0.78,23.3,48.9,108.6,233.5,Half Marathon,112.2
R-0245,22,Female,72,189,47.8,46.9,6.52,5.54,0.82,27.9,58.6,130.1,279.7,10K,56.8
R-0246,54,Male,69,193,44.8,39.5,7.25,6.16,0.94,31.3,65.7,145.9,313.7,Full Marathon,309.2
R-0247,49,Female,55,194,60.2,89.9,5.41,4.6,0.78,22.2,46.6,103.5,222.5,10K,46.9
R-0248,26,Male,49,205,39.3,34.5,7.77,6.6,0.97,34.2,71.8,159.4,342.7,10K,70.7
R-0249,58,Male,59,190,47.9,43.7,6.42,5.46,0.78,27.5,57.8,128.3,275.8,5K,28
R-0250,52,Male,49,199,62.1,90.5,5.79,4.92,0.82,23.6,49.6,110.1,236.7,10K,50.3
R-0251,36,Male,56,193,60.4,102.6,4.18,3.55,0.92,17.1,35.9,79.7,171.4,5K,17.3
R-0252,33,Male,49,199,47,37.3,6.87,5.84,0.83,29.5,62,137.6,295.8,Full Marathon,308.8
R-0253,20,Female,61,191,57.9,95.9,6.38,5.42,0.98,26.4,55.4,123,264.4,5K,26.9
R-0254,37,Male,61,197,59.7,83.4,6.28,5.34,0.86,25.8,54.2,120.3,258.6,5K,25.9
R-0255,41,Male,68,176,61.7,67.8,5.21,4.43,0.81,21.3,44.7,99.2,213.3,5K,21.2
R-0256,50,Female,56,204,51.3,49.8,5.71,4.85,0.61,24.1,50.6,112.3,241.4,Half Marathon,111.9
R-0257,41,Male,68,197,41.1,26.6,8.07,6.86,0.77,35.3,74.1,164.5,353.7,5K,34.2
R-0258,28,Female,72,183,42.7,34.3,7.2,6.12,0.72,31.3,65.7,145.9,313.7,10K,62.2
R-0259,25,Female,59,179,43.9,42.7,7.03,5.98,0.9,30.5,64,142.1,305.5,5K,30.9
R-0260,53,Female,59,185,52.8,40.4,5.77,4.9,0.68,24.3,51,113.2,243.4,10K,52.9
R-0261,55,Male,50,185,36,24.5,7.28,6.19,0.68,32.4,68,151,324.6,5K,32.1
R-0262,57,Male,56,200,54.1,60.4,6.37,5.41,0.68,26.7,56.1,124.5,267.7,Half Marathon,130.4
R-0263,37,Male,71,194,45.9,63,7.24,6.15,0.65,31.2,65.5,145.4,312.6,Full Marathon,310.9
R-0264,52,Female,73,182,43.9,41,7.21,6.13,0.72,31.3,65.7,145.9,313.7,5K,29.5
R-0265,42,Male,64,175,61.4,99.8,4.98,4.23,0.95,20.3,42.6,94.6,203.4,5K,20.9
R-0266,52,Female,62,178,48.8,67.9,6.09,5.18,0.91,26,54.6,121.2,260.6,Half Marathon,119.5
R-0267,42,Male,58,205,37.9,38.6,6.99,5.94,0.89,30.9,64.9,144.1,309.8,5K,31.8
R-0268,46,Female,46,189,59.8,80.5,5.24,4.45,0.92,21.5,45.2,100.3,215.6,10K,43.5
R-0269,35,Male,53,187,36.4,17.9,7.36,6.26,0.71,32.7,68.7,152.5,327.9,5K,33.1
R-0270,35,Male,75,190,56.8,75.9,4.97,4.22,0.95,20.6,43.3,96.1,206.6,5K,20.1
R-0271,19,Male,49,173,58.2,88.2,6.01,5.11,0.65,24.9,52.3,116.1,249.6,Full Marathon,251.1
R-0272,52,Female,64,202,45.6,43.2,6.28,5.34,0.73,27.1,56.9,126.3,271.5,Full Marathon,277.7
R-0273,33,Female,70,196,59.7,84.7,6.02,5.12,0.83,24.8,52.1,115.7,248.8,5K,25.2
R-0274,58,Male,73,176,50.5,64.1,6.65,5.65,0.64,28.2,59.2,131.4,282.5,Half Marathon,131.7
R-0275,53,Male,45,175,48.9,48,6.76,5.75,0.89,28.9,60.7,134.8,289.8,Full Marathon,277.8
R-0276,50,Female,67,184,36.4,15,8.69,7.39,0.75,38.6,81.1,180,387,5K,39.4
R-0277,21,Female,47,187,43.7,41.6,6.49,5.52,0.91,28.2,59.2,131.4,282.5,Full Marathon,291.2
R-0278,50,Female,50,201,62.9,94.1,5.65,4.8,0.8,23,48.3,107.2,230.5,5K,22.3
R-0279,31,Male,49,180,46.8,55.8,6.67,5.67,0.67,28.7,60.3,133.9,287.9,Full Marathon,280.2
R-0280,38,Female,65,189,51.4,70.5,7.65,6.5,0.89,32.3,67.8,150.5,323.6,Full Marathon,334
R-0281,37,Male,71,193,51,51.7,6.21,5.28,0.7,26.3,55.2,122.5,263.4,10K,54.9
R-0282,25,Female,49,184,52.7,59.1,5.96,5.07,0.8,25.1,52.7,117,251.6,5K,24.4
R-0283,24,Male,45,176,36.8,15.1,8.03,6.83,0.63,35.7,75,166.5,358,5K,36
R-0284,20,Female,61,190,45.9,63.2,6.81,5.79,0.85,29.3,61.5,136.5,293.5,5K,28.7
R-0285,34,Female,63,195,56.7,76.7,5.45,4.63,0.87,22.6,47.5,105.4,226.6,5K,22.7
R-0286,50,Female,58,183,41,36.2,6.91,5.87,0.75,30.2,63.4,140.7,302.5,Full Marathon,298.8
R-0287,29,Female,56,206,41.1,36.8,8.12,6.9,0.98,35.5,74.6,165.6,356,10K,73.9
R-0288,39,Female,54,190,35.3,15,7.39,6.28,0.95,32.9,69.1,153.4,329.8,10K,71.4
R-0289,39,Male,64,187,48.1,70.6,6.8,5.78,0.88,29.1,61.1,135.6,291.5,Half Marathon,125.6
R-0290,47,Female,65,174,61.5,94.8,5.88,5,0.89,24,50.4,111.9,240.6,5K,24.4
R-0291,55,Female,62,172,36.6,24.7,8.39,7.13,0.7,37.2,78.1,173.4,372.8,Half Marathon,178.3
R-0292,55,Female,68,192,40.7,24.1,7.13,6.06,0.86,31.2,65.5,145.4,312.6,Full Marathon,306.8
R-0293,25,Male,71,195,44.3,33.2,6.97,5.92,0.68,30.2,63.4,140.7,302.5,Half Marathon,144.7
R-0294,44,Female,55,206,57,75.6,5.6,4.76,0.66,23.2,48.7,108.1,232.4,5K,22.5
R-0295,44,Male,74,193,54.2,64.2,5.31,4.51,1,22.2,46.6,103.5,222.5,10K,45.7
R-0296,51,Female,46,188,47.5,42.7,7.02,5.97,0.85,30.1,63.2,140.3,301.6,10K,61.7
R-0297,38,Female,69,194,57.8,77.1,5.74,4.88,0.77,23.8,50,111,238.6,5K,24.5
R-0298,47,Male,62,190,53.3,66.6,6.89,5.86,0.72,29,60.9,135.2,290.7,Full Marathon,275.5
R-0299,50,Female,73,181,61.9,93.2,4.9,4.16,0.84,20,42,93.2,200.4,5K,21
R-0300,45,Male,69,202,59.5,80.3,6.09,5.18,0.62,25.1,52.7,117,251.6,Full Marathon,249.3
R-0301,50,Male,51,173,42.6,30.2,7.82,6.65,0.64,34.1,71.6,159,341.8,10K,72.9
R-0302,22,Female,75,176,43.1,31.9,7.21,6.13,0.61,31.4,65.9,146.3,314.5,Full Marathon,319.5
R-0303,36,Male,68,191,38.8,42.3,6.53,5.55,0.8,28.8,60.5,134.3,288.7,5K,28.9
R-0304,21,Female,59,202,45.1,34.4,6.73,5.72,0.84,29.1,61.1,135.6,291.5,5K,28.6
R-0305,52,Female,55,186,65,103.6,5.89,5.01,0.62,23.8,50,111,238.6,5K,24.7
R-0306,34,Male,62,193,47.2,57.7,6.93,5.89,0.89,29.7,62.4,138.5,297.8,Full Marathon,293.2
R-0307,45,Male,67,203,41.6,36.4,7.69,6.54,0.69,33.6,70.6,156.7,336.9,Full Marathon,329.5
R-0308,47,Male,56,197,57.9,98.7,5.67,4.82,0.87,23.5,49.4,109.7,235.9,Full Marathon,242.1
R-0309,46,Male,50,208,51.3,68.5,6.26,5.32,0.99,26.5,55.6,123.4,265.3,10K,55.8
R-0310,23,Female,64,191,39.5,50.4,6.62,5.63,0.88,29.1,61.1,135.6,291.5,Half Marathon,141.1
R-0311,52,Female,67,186,46.4,43.9,7.26,6.17,0.95,31.2,65.5,145.4,312.6,Half Marathon,145.1
R-0312,58,Male,74,203,47.4,46.7,7.3,6.2,0.98,31.3,65.7,145.9,313.7,5K,30.7
R-0313,54,Female,57,175,57.6,85.5,5.26,4.47,0.79,21.8,45.8,101.7,218.7,10K,46.2
R-0314,41,Female,64,175,35.6,19,7.85,6.67,0.88,35,73.5,163.2,350.9,Full Marathon,346.2
R-0315,46,Female,60,203,43.1,58.5,7.03,5.98,0.94,30.6,64.3,142.7,306.8,5K,30
R-0316,48,Female,62,170,50.5,64.8,6.66,5.66,0.74,28.3,59.4,131.9,283.6,10K,60.9
R-0317,52,Male,54,179,43.1,31.2,6.92,5.88,0.7,30.1,63.2,140.3,301.6,5K,31.8
R-0318,50,Male,72,190,53.9,53,6.58,5.59,0.98,27.6,58,128.8,276.9,10K,57.6
R-0319,38,Female,67,174,49.5,57.9,6.59,5.6,0.89,28,58.8,130.5,280.6,10K,57.1
R-0320,49,Male,52,171,45.9,48.2,5.64,4.79,0.69,24.3,51,113.2,243.4,Half Marathon,112.7
R-0321,40,Male,62,191,63.5,99.1,5.37,4.56,0.78,21.8,45.8,101.7,218.7,5K,22.1
R-0322,50,Male,65,171,54,82.8,6.6,5.61,0.92,27.7,58.2,129.2,277.8,Full Marathon,279.9
R-0323,20,Female,45,179,38.9,41.2,7.03,5.98,0.82,31,65.1,144.5,310.7,Half Marathon,149.7
R-0324,35,Female,67,203,51.8,59,6.52,5.54,0.86,27.5,57.8,128.3,275.8,Half Marathon,130.9
R-0325,42,Female,52,185,58.4,69.5,6.57,5.58,0.9,27.1,56.9,126.3,271.5,Full Marathon,262.5
R-0326,59,Male,73,208,56.3,64.5,5.93,5.04,0.85,24.7,51.9,115.2,247.7,10K,51.1
R-0327,48,Female,50,191,40.2,26.5,8.05,6.84,0.82,35.3,74.1,164.5,353.7,Full Marathon,339
R-0328,20,Female,49,181,64.2,94.2,4.86,4.13,0.9,19.7,41.4,91.9,197.6,5K,20.4
R-0329,57,Male,59,193,48.5,59.1,6.64,5.64,0.89,28.3,59.4,131.9,283.6,Full Marathon,266.7
R-0330,41,Female,66,207,39.8,24.8,7.42,6.31,0.85,32.6,68.5,152.1,327,10K,65.9
R-0331,49,Female,59,179,40.4,37.2,7.27,6.18,0.74,31.9,67,148.7,319.7,Full Marathon,314.8
R-0332,39,Male,46,204,37.9,31.4,7.64,6.49,0.76,33.8,71,157.6,338.8,10K,72.2
R-0333,40,Male,45,201,59.1,85.7,4.77,4.05,0.99,19.6,41.2,91.5,196.7,10K,40.6
R-0334,19,Male,67,176,38.7,18.6,7.46,6.34,0.64,32.9,69.1,153.4,329.8,5K,32.5
R-0335,44,Female,67,190,38.8,34.8,8.29,7.05,0.71,36.6,76.9,170.7,367,Full Marathon,363.2
R-0336,59,Female,70,189,60.5,108.8,4.97,4.22,0.8,20.4,42.8,95,204.2,Full Marathon,205.3
R-0337,19,Female,55,195,45.3,49.9,6.44,5.47,0.93,27.8,58.4,129.6,278.6,5K,26.8
R-0338,43,Male,54,173,35.9,15,7.94,6.75,0.67,35.3,74.1,164.5,353.7,10K,72
R-0339,34,Male,74,191,36.6,36.7,7.9,6.72,0.71,35.1,73.7,163.6,351.7,Full Marathon,369.4
R-0340,57,Female,62,184,39.3,24.4,7.76,6.6,0.63,34.2,71.8,159.4,342.7,5K,34.6
R-0341,50,Female,62,190,41.4,59.7,7.3,6.2,0.88,31.9,67,148.7,319.7,10K,68.5
R-0342,26,Male,61,184,55,74.5,6.04,5.13,0.7,25.2,52.9,117.4,252.4,5K,25.2
R-0343,56,Male,70,191,39.7,15.7,7.35,6.25,0.76,32.3,67.8,150.5,323.6,Full Marathon,322.2
R-0344,46,Male,52,197,38.6,15,7,5.95,0.78,30.9,64.9,144.1,309.8,5K,31.3
R-0345,59,Male,59,183,57.9,96.5,5.67,4.82,0.96,23.5,49.4,109.7,235.9,Half Marathon,112.1
R-0346,43,Female,52,196,55.1,84.7,6.35,5.4,0.76,26.5,55.6,123.4,265.3,10K,57
R-0347,52,Male,61,197,48.1,77.2,6.95,5.91,0.66,29.7,62.4,138.5,297.8,Half Marathon,138
R-0348,42,Female,56,195,51.5,64.1,5.48,4.66,0.81,23.2,48.7,108.1,232.4,Half Marathon,111.2
R-0349,41,Female,71,171,44.4,44.5,7.19,6.11,0.99,31.1,65.3,145,311.8,10K,60.5
R-0350,30,Female,52,194,49.5,54.8,6.1,5.18,0.84,25.9,54.4,120.8,259.7,10K,55.9
R-0351,24,Male,69,172,50.2,54,7.18,6.1,0.99,30.5,64,142.1,305.5,5K,30.1
R-0352,53,Male,58,177,46.6,47,7,5.95,0.94,30.1,63.2,140.3,301.6,10K,64.2
R-0353,37,Male,48,202,62.2,94.7,5.73,4.87,0.61,23.4,49.1,109,234.4,Half Marathon,106.9
R-0354,18,Male,45,204,35.5,15,7.96,6.77,0.86,35.5,74.6,165.6,356,Half Marathon,159
R-0355,25,Female,45,175,58.5,66,5.62,4.78,0.71,23.2,48.7,108.1,232.4,Full Marathon,234.8
R-0356,33,Male,63,208,38.7,31.5,8.38,7.12,0.82,36.9,77.5,172,369.8,10K,74
R-0357,31,Male,75,192,58.9,75.1,6.1,5.18,0.71,25.1,52.7,117,251.6,Half Marathon,115.6
R-0358,29,Female,60,194,53.5,36.9,6.21,5.28,0.74,26.1,54.8,121.7,261.7,Full Marathon,255.3
R-0359,40,Male,58,188,60.3,93,5.37,4.56,0.97,22,46.2,102.6,220.6,Full Marathon,219.4
R-0360,32,Female,65,174,37.9,16.7,6.86,5.83,0.68,30.3,63.6,141.2,303.6,5K,31
R-0361,45,Female,60,180,51.8,71.4,6.48,5.51,0.95,27.4,57.5,127.6,274.3,Half Marathon,125.7
R-0362,51,Female,49,181,50,66.4,6.44,5.47,0.61,27.4,57.5,127.6,274.3,5K,27.7
R-0363,19,Female,53,179,56.2,79.4,6.16,5.24,0.64,25.7,54,119.9,257.8,Half Marathon,122.6
R-0364,49,Female,70,177,51,87.6,6.83,5.81,0.94,29,60.9,135.2,290.7,5K,28.5
R-0365,40,Female,74,193,51.2,61.8,7,5.95,0.85,29.6,62.2,138.1,296.9,5K,29.1
R-0366,39,Female,72,197,47.9,51.5,6.88,5.85,0.9,29.5,62,137.6,295.8,10K,64.5
R-0367,42,Female,46,205,44.3,51.6,6.55,5.57,0.68,28.4,59.6,132.3,284.4,5K,28.3
R-0368,39,Male,62,206,49.5,58.1,5.48,4.66,0.81,23.3,48.9,108.6,233.5,10K,49.6
R-0369,39,Male,50,190,38.6,41.2,7.23,6.15,0.89,31.9,67,148.7,319.7,Full Marathon,324.5
R-0370,59,Male,75,177,63.8,84.1,5.79,4.92,0.85,23.5,49.4,109.7,235.9,Half Marathon,105.8
R-0371,23,Male,53,178,56.4,64.5,6.77,5.75,0.79,28.1,59,131,281.6,Full Marathon,275.2
R-0372,32,Female,45,184,63.6,103.9,5.02,4.27,0.98,20.4,42.8,95,204.2,Half Marathon,96.1
R-0373,54,Male,53,187,41.8,26.5,6.59,5.6,0.87,28.8,60.5,134.3,288.7,Full Marathon,270.8
R-0374,50,Female,69,189,61.4,96.5,5.04,4.28,0.96,20.6,43.3,96.1,206.6,Half Marathon,95.5
R-0375,25,Male,60,175,59.3,88.5,6.14,5.22,0.89,25.3,53.1,117.9,253.5,5K,24.6
R-0376,22,Male,57,181,55.3,67.2,5.67,4.82,0.89,23.7,49.8,110.6,237.8,Half Marathon,114.3
R-0377,56,Male,53,171,53.8,73.8,6.41,5.45,0.63,26.9,56.5,125.4,269.6,Half Marathon,126.7
R-0378,21,Female,65,176,44.5,33,7.13,6.06,0.74,30.9,64.9,144.1,309.8,Full Marathon,320.9
R-0379,23,Male,57,185,59.5,75.3,5.91,5.02,0.94,24.3,51,113.2,243.4,Full Marathon,243.1
R-0380,49,Female,75,172,50,57.6,7.41,6.3,0.69,31.5,66.2,147,316,Full Marathon,314.9
R-0381,47,Female,53,172,37.1,26.4,8.08,6.87,0.65,35.8,75.2,166.9,358.8,10K,74.5
R-0382,52,Male,55,196,44.4,42,7.13,6.06,0.73,30.9,64.9,144.1,309.8,10K,63.9
R-0383,57,Male,48,207,63.1,99.3,6.15,5.23,0.69,25,52.5,116.6,250.7,Half Marathon,126
R-0384,33,Male,46,202,60.5,91.9,5.62,4.78,0.97,23.1,48.5,107.7,231.6,Half Marathon,110.3
R-0385,30,Female,73,197,64.5,114,4.65,3.95,0.95,18.8,39.5,87.7,188.6,5K,18.2
R-0386,59,Male,50,170,53.8,69.2,6.46,5.49,0.8,27.1,56.9,126.3,271.5,5K,29.2
R-0387,47,Female,58,177,42.4,51.7,7.48,6.36,0.62,32.6,68.5,152.1,327,Half Marathon,150.3
R-0388,36,Female,48,206,39.9,42.3,7.36,6.26,0.89,32.4,68,151,324.6,10K,68.7
R-0389,34,Male,50,201,40.6,57.9,7.18,6.1,0.85,31.5,66.2,147,316,Half Marathon,151.1
R-0390,36,Male,63,206,35.6,20.3,7.79,6.62,0.99,34.7,72.9,161.8,347.9,5K,33.1
R-0391,45,Female,50,173,46.7,47,6.56,5.58,0.82,28.2,59.2,131.4,282.5,10K,57.7
R-0392,43,Female,46,199,40.7,47.8,7.3,6.2,0.73,32,67.2,149.2,320.8,10K,70.5
R-0393,54,Female,62,175,47.3,56.7,6.35,5.4,0.81,27.2,57.1,126.8,272.6,5K,27
R-0394,43,Male,57,188,63,107.5,5.39,4.58,0.99,21.9,46,102.1,219.5,Half Marathon,105.2
R-0395,40,Female,53,201,47.9,61.6,6.87,5.84,0.88,29.4,61.7,137,294.6,Full Marathon,290.6
R-0396,26,Male,67,178,61.3,69.1,5.54,4.71,0.87,22.7,47.7,105.9,227.7,Half Marathon,105.6
R-0397,29,Female,63,181,53.2,72.3,6.15,5.23,0.7,25.9,54.4,120.8,259.7,Half Marathon,127.3
R-0398,18,Female,57,180,42.4,42.8,7.17,6.09,0.9,31.2,65.5,145.4,312.6,5K,31.6
R-0399,18,Male,55,185,45.7,49.9,7.65,6.5,0.9,33,69.3,153.8,330.7,10K,68.6
R-0400,51,Female,45,170,37.5,25.3,7.78,6.61,0.73,34.4,72.2,160.3,344.6,5K,33.7
R-0401,49,Male,68,190,45,30.7,7.63,6.49,0.79,33,69.3,153.8,330.7,Half Marathon,151.1
R-0402,42,Male,74,199,55.3,82.9,5.47,4.65,0.72,22.8,47.9,106.3,228.5,Full Marathon,237
R-0403,57,Female,66,182,37.2,29.6,8.07,6.86,0.7,35.8,75.2,166.9,358.8,Full Marathon,367
R-0404,18,Male,51,203,41.2,47.6,7.01,5.96,0.61,30.7,64.5,143.2,307.9,Full Marathon,297.3
R-0405,33,Male,69,173,46.4,35,6.58,5.59,0.71,28.3,59.4,131.9,283.6,5K,28.4
R-0406,56,Female,65,197,64.5,103.7,4.84,4.11,0.82,19.6,41.2,91.5,196.7,10K,41.1
R-0407,22,Male,59,207,58.5,80.3,5.41,4.6,0.6,22.3,46.8,103.9,223.4,5K,22.5
R-0408,39,Male,45,200,57,80.1,5.57,4.73,0.71,23.1,48.5,107.7,231.6,Full Marathon,227.4
R-0409,46,Male,56,196,38.5,27.1,8.26,7.02,0.95,36.4,76.4,169.6,364.6,Half Marathon,175.2
R-0410,20,Female,70,174,58.4,87.8,5.68,4.83,0.84,23.5,49.4,109.7,235.9,10K,49.4
R-0411,29,Male,51,194,58.6,81.3,5.75,4.89,0.84,23.7,49.8,110.6,237.8,5K,24
R-0412,43,Female,59,172,53,57.5,5.97,5.07,0.76,25.1,52.7,117,251.6,5K,24.5
R-0413,33,Female,65,202,64.7,100.1,5.46,4.64,0.87,22.1,46.4,103,221.4,10K,45.4
R-0414,54,Male,63,173,44.8,44,7.2,6.12,0.68,31.1,65.3,145,311.8,10K,70.5
R-0415,39,Male,72,194,63.2,94.4,5.03,4.28,0.93,20.5,43.1,95.7,205.8,Half Marathon,100.9
R-0416,46,Male,73,189,62.4,61.2,4.47,3.8,0.65,18.2,38.2,84.8,182.3,10K,38.1
R-0417,31,Female,69,203,35.3,27.6,8.08,6.87,0.86,36,75.6,167.8,360.8,Half Marathon,175.5
R-0418,45,Male,45,195,48.5,52.9,6.94,5.9,0.74,29.6,62.2,138.1,296.9,Full Marathon,307.7
R-0419,22,Male,61,174,64.3,84.7,4.58,3.89,0.9,18.5,38.8,86.1,185.1,Full Marathon,181.6
R-0420,47,Male,61,204,38.1,37.5,7.54,6.41,0.82,33.3,69.9,155.2,333.7,5K,32.6
R-0421,22,Male,47,197,51.4,70.1,6.63,5.64,0.78,28.1,59,131,281.6,Full Marathon,287.2
R-0422,29,Male,56,198,64.4,95.1,4.27,3.63,0.67,17.3,36.3,80.6,173.3,Full Marathon,174.7
R-0423,33,Female,50,178,51.7,53,6.01,5.11,0.85,25.4,53.3,118.3,254.3,Half Marathon,116.9
R-0424,43,Female,70,207,40.7,37,7.62,6.48,0.99,33.4,70.1,155.6,334.5,5K,34.1
R-0425,43,Male,55,175,52.5,67.9,6.8,5.78,0.93,28.7,60.3,133.9,287.9,10K,57.7
R-0426,38,Male,47,188,41.1,45.5,8.48,7.21,0.62,37.1,77.9,172.9,371.7,5K,37.2
R-0427,56,Male,52,180,50.6,57.2,7.42,6.31,0.75,31.5,66.2,147,316,Full Marathon,304.3
R-0428,53,Male,58,171,37.2,37.8,7.85,6.67,0.97,34.8,73.1,162.3,348.9,10K,70.5
R-0429,50,Female,58,178,53.2,63.1,5.94,5.05,0.8,25,52.5,116.6,250.7,5K,24.5
R-0430,47,Male,54,190,50.5,47.9,6.91,5.87,0.86,29.3,61.5,136.5,293.5,5K,29.6
R-0431,54,Female,46,193,57.2,67.9,5.51,4.68,0.97,22.8,47.9,106.3,228.5,5K,22.3
R-0432,40,Female,58,203,53.9,69.8,5.73,4.87,0.95,24,50.4,111.9,240.6,5K,23.1
R-0433,27,Male,53,191,51.5,63.3,6.2,5.27,0.8,26.2,55,122.1,262.5,Half Marathon,123.8
R-0434,22,Female,47,172,55.7,78.5,5.71,4.85,0.78,23.8,50,111,238.6,5K,24.9
R-0435,53,Female,65,181,39.3,30.6,7.78,6.61,0.74,34.2,71.8,159.4,342.7,Full Marathon,349.3
R-0436,51,Female,70,197,52.9,77.5,5.91,5.02,0.89,24.9,52.3,116.1,249.6,Full Marathon,263.1
R-0437,48,Female,52,199,40.2,31.3,7.52,6.39,0.71,33,69.3,153.8,330.7,Half Marathon,160.3
R-0438,27,Male,60,195,62.8,74.2,6.02,5.12,0.7,24.5,51.4,114.1,245.3,10K,50.6
R-0439,36,Male,46,190,37.1,24.4,7.85,6.67,0.74,34.8,73.1,162.3,348.9,10K,74.5
R-0440,49,Female,50,197,47.9,34.3,7.47,6.35,0.67,32,67.2,149.2,320.8,Full Marathon,319.9
R-0441,18,Male,72,195,55.9,78.4,6.51,5.53,0.88,27.1,56.9,126.3,271.5,Full Marathon,280.2
R-0442,22,Male,65,202,48.7,67.1,6.93,5.89,0.85,29.6,62.2,138.1,296.9,Half Marathon,137.7
R-0443,21,Male,73,190,37.8,17.6,7.54,6.41,0.79,33.4,70.1,155.6,334.5,10K,68.4
R-0444,33,Male,70,204,51.6,78.5,6.86,5.83,0.76,29,60.9,135.2,290.7,10K,63.4
R-0445,41,Male,69,203,54.2,79.6,5.96,5.07,0.96,25,52.5,116.6,250.7,5K,25.2
R-0446,33,Female,56,187,56.1,88.3,5.89,5.01,0.61,24.5,51.4,114.1,245.3,5K,24
R-0447,19,Male,49,180,46.2,51.8,7.05,5.99,0.91,30.3,63.6,141.2,303.6,5K,29.8
R-0448,45,Male,46,192,51.9,55.1,6.31,5.36,0.96,26.6,55.9,124.1,266.8,Half Marathon,121.6
R-0449,49,Male,60,191,48.5,63.8,6.29,5.35,0.78,26.9,56.5,125.4,269.6,Full Marathon,261.5
R-0450,44,Male,49,186,55.2,67.6,5.22,4.44,0.82,21.8,45.8,101.7,218.7,Half Marathon,100.2
R-0451,37,Female,59,174,52.5,67.8,6.73,5.72,0.98,28.4,59.6,132.3,284.4,10K,60.3
R-0452,41,Female,56,180,50.8,60.4,6.71,5.7,0.68,28.4,59.6,132.3,284.4,Full Marathon,284.9
R-0453,29,Female,48,199,42.5,51.2,6.39,5.43,0.81,27.8,58.4,129.6,278.6,5K,27.4
R-0454,52,Female,59,184,35.1,27.6,7.62,6.48,0.79,34,71.4,158.5,340.8,Half Marathon,165.6
R-0455,50,Male,55,196,40.2,33.1,7.57,6.43,0.7,33.2,69.7,154.7,332.6,Half Marathon,145.4
R-0456,50,Female,60,204,38.5,15,7.87,6.69,0.93,34.7,72.9,161.8,347.9,5K,35
R-0457,54,Male,67,202,48.5,49.6,5.89,5.01,0.96,25.2,52.9,117.4,252.4,Half Marathon,116.9
R-0458,29,Male,50,189,53.4,76.1,6.12,5.2,0.91,25.7,54,119.9,257.8,5K,25
R-0459,20,Male,58,185,41.4,39.9,7.63,6.49,0.68,33.4,70.1,155.6,334.5,10K,70.9
R-0460,18,Male,62,203,63.2,80.2,5,4.25,0.63,20.3,42.6,94.6,203.4,Full Marathon,202.1
R-0461,50,Male,56,171,35.2,15,8.11,6.89,0.84,36.1,75.8,168.3,361.8,10K,78.6
R-0462,57,Female,71,204,58.2,83.8,5.44,4.62,0.62,22.5,47.2,104.8,225.3,10K,48.4
R-0463,27,Female,55,197,53.8,59.6,6.57,5.58,0.87,27.5,57.8,128.3,275.8,5K,29.1
R-0464,46,Female,57,208,46.2,40.3,6.48,5.51,0.81,27.9,58.6,130.1,279.7,Half Marathon,128.2
R-0465,30,Female,65,175,36.5,30.7,7.28,6.19,0.87,32.3,67.8,150.5,323.6,10K,70.6
R-0466,29,Male,67,178,53.8,82.2,6.13,5.21,0.84,25.7,54,119.9,257.8,10K,52.1
R-0467,48,Female,55,189,46.6,43.4,6.12,5.2,0.77,26.3,55.2,122.5,263.4,10K,55
R-0468,19,Male,67,170,63.1,94.5,4.14,3.52,0.68,16.8,35.3,78.4,168.6,Half Marathon,77.3
R-0469,52,Female,60,177,51.3,62.7,6.91,5.87,0.72,29.2,61.3,136.1,292.6,Half Marathon,138.6
R-0470,40,Male,59,192,63.2,93.6,4.69,3.99,0.81,19.1,40.1,89,191.4,5K,19.4
R-0471,34,Male,65,172,41.6,38,6.67,5.67,0.86,29.1,61.1,135.6,291.5,10K,59.4
R-0472,43,Female,72,173,56.8,85.7,5.41,4.6,0.91,22.5,47.2,104.8,225.3,Full Marathon,229.7
R-0473,25,Male,59,194,53.5,62.6,5.72,4.86,0.91,24,50.4,111.9,240.6,Half Marathon,110.6
R-0474,46,Male,69,207,57.2,63.9,5.71,4.85,0.99,23.7,49.8,110.6,237.8,5K,23.1
R-0475,43,Female,48,184,41.4,54,6.81,5.79,0.71,29.8,62.6,139,298.8,10K,62.6
R-0476,27,Male,55,190,54.9,84,6.26,5.32,0.63,26.2,55,122.1,262.5,Full Marathon,250.9
R-0477,43,Female,63,204,49.9,48.7,6.83,5.81,0.74,29.1,61.1,135.6,291.5,Half Marathon,139.4
R-0478,51,Female,59,183,57.3,80.8,5.13,4.36,0.9,21.3,44.7,99.2,213.3,Full Marathon,212.9
R-0479,58,Female,48,205,44.8,56.2,6.71,5.7,0.78,29,60.9,135.2,290.7,Half Marathon,135.1
R-0480,24,Male,65,181,61.7,98.7,5.07,4.31,0.93,20.7,43.5,96.6,207.7,5K,20.6
R-0481,21,Male,57,186,37.5,31.3,7.67,6.52,0.82,34,71.4,158.5,340.8,Full Marathon,357.6
R-0482,28,Male,66,208,59.2,82.8,6.12,5.2,0.97,25.2,52.9,117.4,252.4,10K,55.3
R-0483,46,Female,63,178,60.8,106.1,5.99,5.09,0.98,24.5,51.4,114.1,245.3,10K,53.5
R-0484,53,Male,46,204,59.5,87.5,6.8,5.78,0.63,28,58.8,130.5,280.6,Half Marathon,130.2
R-0485,42,Female,58,182,50.4,55.9,5.33,4.53,0.78,22.6,47.5,105.4,226.6,10K,45.9
R-0486,38,Female,73,184,48.2,63.9,6.22,5.29,0.84,26.6,55.9,124.1,266.8,Full Marathon,266.7
R-0487,53,Male,48,187,64.9,100.7,5.92,5.03,0.7,23.9,50.2,111.4,239.5,5K,24.1
R-0488,27,Female,60,202,41.9,41.9,6.41,5.45,0.76,28,58.8,130.5,280.6,Half Marathon,133.7
R-0489,54,Male,65,175,51.4,65.8,7.26,6.17,0.87,30.7,64.5,143.2,307.9,Full Marathon,310.8
R-0490,26,Male,64,196,55.1,78.6,6.06,5.15,0.69,25.3,53.1,117.9,253.5,Half Marathon,114.3
R-0491,41,Male,58,192,56,66.2,5.99,5.09,0.84,24.9,52.3,116.1,249.6,5K,24.5
R-0492,52,Male,71,196,41.1,21.8,6.75,5.74,0.88,29.6,62.2,138.1,296.9,Half Marathon,135.5
R-0493,52,Male,73,203,54.6,86.6,5.81,4.94,0.64,24.3,51,113.2,243.4,10K,51.8
R-0494,53,Female,59,207,59.6,88.1,6.41,5.45,0.8,26.4,55.4,123,264.4,10K,56.3
R-0495,35,Female,72,183,36.5,31.7,7.83,6.66,0.71,34.8,73.1,162.3,348.9,Half Marathon,165.7
R-0496,56,Female,47,205,62.3,75.2,5.05,4.29,0.89,20.6,43.3,96.1,206.6,5K,20.8
R-0497,49,Male,52,177,35.9,33.1,8.11,6.89,0.68,36.1,75.8,168.3,361.8,5K,33.9
R-0498,41,Male,60,204,45.7,43.3,6.83,5.81,0.96,29.5,62,137.6,295.8,10K,58.8
R-0499,40,Male,54,188,35.5,15,8.12,6.9,0.77,36.2,76,168.7,362.7,5K,36
R-0500,49,Female,48,199,37.3,25.5,7.35,6.25,0.68,32.6,68.5,152.1,327,Half Marathon,152.5
R-0501,54,Male,74,183,62.3,83,5.23,4.45,0.78,21.3,44.7,99.2,213.3,Full Marathon,221.3
R-0502,29,Female,62,189,45.6,48.2,6.62,5.63,0.76,28.6,60.1,133.4,286.8,Half Marathon,133.7
R-0503,30,Female,46,194,47.7,52.5,5.83,4.96,0.77,25,52.5,116.6,250.7,10K,51
R-0504,40,Male,61,193,41.5,47.9,7.59,6.45,0.83,33.2,69.7,154.7,332.6,10K,71.1
R-0505,42,Male,57,183,52.9,82.9,5.59,4.75,0.81,23.5,49.4,109.7,235.9,10K,49.4
R-0506,52,Female,48,195,52.8,82.3,6.14,5.22,0.66,25.9,54.4,120.8,259.7,5K,25.6
R-0507,58,Male,70,207,46.2,27.2,7.34,6.24,0.63,31.6,66.4,147.4,316.9,Half Marathon,140.3
R-0508,47,Female,69,192,45,37.3,6.25,5.31,0.89,27,56.7,125.9,270.7,Full Marathon,271.4
R-0509,34,Male,74,191,61.5,67.9,5.65,4.8,0.82,23.1,48.5,107.7,231.6,Half Marathon,108.4
R-0510,37,Male,55,188,46.5,38.7,6.7,5.7,0.74,28.8,60.5,134.3,288.7,Full Marathon,280.1
R-0511,42,Female,51,172,49.8,53,6.04,5.13,0.92,25.7,54,119.9,257.8,Half Marathon,122.6
R-0512,39,Male,75,188,43.5,46.8,8.16,6.94,0.76,35.5,74.6,165.6,356,10K,76.1
R-0513,30,Female,56,178,58.6,77.7,5.64,4.79,0.92,23.3,48.9,108.6,233.5,Full Marathon,233.8
R-0514,36,Male,54,197,46.9,46.8,6.53,5.55,0.72,28,58.8,130.5,280.6,Half Marathon,130.5
R-0515,53,Female,51,189,50.4,62.9,6.07,5.16,0.63,25.8,54.2,120.3,258.6,5K,26.5
R-0516,29,Female,57,176,42.6,23.2,7.68,6.53,0.97,33.5,70.4,156.3,336,5K,33.9
R-0517,58,Male,75,183,64.6,90.5,4.73,4.02,0.76,19.1,40.1,89,191.4,Half Marathon,87.1
R-0518,36,Female,51,178,43.7,38.2,7.51,6.38,0.92,32.6,68.5,152.1,327,10K,68.1
R-0519,29,Male,75,188,58.1,79.6,5.69,4.84,0.71,23.5,49.4,109.7,235.9,Full Marathon,239.8
R-0520,26,Male,68,183,47.8,54.9,7.28,6.19,0.86,31.2,65.5,145.4,312.6,Half Marathon,136.5
R-0521,24,Male,61,207,41.2,51.5,6.86,5.83,0.95,30,63,139.9,300.8,5K,29.2
R-0522,45,Female,54,205,59,93.1,5.15,4.38,0.62,21.2,44.5,98.8,212.4,Full Marathon,216.7
R-0523,31,Female,73,186,45,39,6.86,5.83,0.93,29.6,62.2,138.1,296.9,5K,30.7
R-0524,48,Male,54,199,61,86.7,5.3,4.5,0.83,21.7,45.6,101.2,217.6,5K,22.4
R-0525,36,Male,68,178,62.5,90,5.07,4.31,0.84,20.7,43.5,96.6,207.7,Half Marathon,99.2
R-0526,33,Female,48,202,60.8,83.7,6.74,5.73,0.81,27.6,58,128.8,276.9,5K,27.7
R-0527,22,Male,64,194,36.1,25.7,8.92,7.5,0.95,39.7,83.4,185.1,398,Full Marathon,385.7
R-0528,52,Male,48,183,58.6,64.3,5.79,4.92,0.62,23.9,50.2,111.4,239.5,10K,49.9
R-0529,29,Female,66,180,47.3,61.6,6.98,5.93,0.7,29.9,62.8,139.4,299.7,Half Marathon,131.1
R-0530,42,Male,51,204,61.2,106.8,5.26,4.47,0.95,21.5,45.2,100.3,215.6,Full Marathon,224
R-0531,38,Female,66,183,54.1,68.2,5.57,4.73,0.9,23.3,48.9,108.6,233.5,Half Marathon,105.9
R-0532,53,Male,45,199,60,83.8,5.41,4.6,0.61,22.2,46.6,103.5,222.5,5K,21.8
R-0533,40,Female,56,173,50,61.6,6.89,5.86,0.81,29.3,61.5,136.5,293.5,5K,30.2
R-0534,33,Male,68,173,51.1,73.1,7.04,5.98,0.81,29.8,62.6,139,298.8,Full Marathon,284.3
R-0535,56,Male,57,197,39.3,28.2,8.07,6.86,0.76,35.5,74.6,165.6,356,Full Marathon,343.3
R-0536,59,Female,54,177,58.5,92,4.9,4.16,0.72,20.2,42.4,94.1,202.3,10K,42.7
R-0537,56,Male,59,171,47.6,58.5,6.6,5.61,0.87,28.3,59.4,131.9,283.6,Full Marathon,288
R-0538,31,Female,71,191,50,83.6,5.77,4.9,0.68,24.5,51.4,114.1,245.3,Full Marathon,244.8
R-0539,48,Male,57,185,58.6,79.6,6.22,5.29,0.92,25.7,54,119.9,257.8,Half Marathon,119.8
R-0540,22,Female,67,198,53,48.2,5.99,5.09,0.92,25.2,52.9,117.4,252.4,5K,26.2
R-0541,52,Female,66,199,41,21.7,7.38,6.27,0.77,32.3,67.8,150.5,323.6,Full Marathon,329.8
R-0542,40,Female,66,181,52.7,67.3,6.47,5.5,0.71,27.3,57.3,127.2,273.5,10K,58.2
R-0543,46,Female,65,204,47.2,62.8,8.16,6.94,0.71,35,73.5,163.2,350.9,Full Marathon,359.1
R-0544,28,Male,66,180,49.1,51.1,6.72,5.71,0.79,28.6,60.1,133.4,286.8,5K,28.3
R-0545,35,Male,72,190,35.8,19.8,7.8,6.63,0.89,34.7,72.9,161.8,347.9,Full Marathon,370.6
R-0546,29,Female,53,190,41.3,43.6,6.75,5.74,0.74,29.5,62,137.6,295.8,Half Marathon,128.1
R-0547,26,Female,70,174,43.4,32.7,7.89,6.71,0.84,34.3,72,159.8,343.6,5K,35.8
R-0548,27,Female,53,189,56.4,71,5.77,4.9,0.75,24,50.4,111.9,240.6,Full Marathon,247.1
R-0549,34,Male,59,206,35.3,15,8.8,7.48,0.72,39.2,82.3,182.7,392.8,Half Marathon,184.1
R-0550,55,Male,54,172,47.3,64.6,7.32,6.22,0.61,31.4,65.9,146.3,314.5,5K,31.5
R-0551,24,Male,68,202,62.7,109.3,5,4.25,0.6,20.4,42.8,95,204.2,Full Marathon,203.2
R-0552,30,Male,70,178,38.4,15,6.96,5.92,0.69,30.7,64.5,143.2,307.9,Half Marathon,147.9
R-0553,57,Female,69,178,50.5,59.9,6.59,5.6,0.76,28,58.8,130.5,280.6,10K,58.7
R-0554,59,Female,73,173,58.6,97,5.33,4.53,0.94,22,46.2,102.6,220.6,Half Marathon,100.4
R-0555,26,Female,54,204,63.3,99.5,5.19,4.41,0.92,21.1,44.3,98.3,211.3,10K,45.5
R-0556,44,Male,52,186,57.4,74.8,6.28,5.34,0.71,26,54.6,121.2,260.6,Full Marathon,273
R-0557,19,Male,68,203,56.6,62.1,5.01,4.26,0.7,20.8,43.7,97,208.6,Half Marathon,91.4
R-0558,22,Male,60,193,59.8,97.7,5.65,4.8,0.69,23.2,48.7,108.1,232.4,10K,52.1
R-0559,46,Female,61,201,48.4,59.3,7.04,5.98,0.74,30.1,63.2,140.3,301.6,5K,29.2
R-0560,54,Female,70,170,59.2,69.8,5.98,5.08,0.8,24.6,51.7,114.8,246.8,Half Marathon,111.5
R-0561,55,Male,71,177,35.2,32.4,7.3,6.2,0.78,32.5,68.2,151.4,325.5,Full Marathon,313.3
R-0562,36,Female,49,192,62.7,77.9,5.44,4.62,0.69,22.1,46.4,103,221.4,5K,22.1
R-0563,25,Male,48,181,48.3,53.3,7.27,6.18,0.65,31.1,65.3,145,311.8,10K,62.8
R-0564,18,Male,62,181,51.6,61.6,6.51,5.53,0.61,27.5,57.8,128.3,275.8,Half Marathon,123.8
R-0565,39,Female,68,184,42.6,56.5,7.18,6.1,0.66,31.3,65.7,145.9,313.7,Half Marathon,142.9
R-0566,34,Male,63,188,57.3,76.9,6.34,5.39,0.88,26.3,55.2,122.5,263.4,Full Marathon,264.5
R-0567,24,Female,48,195,37.3,23.5,7.42,6.31,0.7,32.9,69.1,153.4,329.8,5K,33.1
R-0568,42,Male,72,198,61.2,76.2,4.62,3.93,0.79,18.9,39.7,88.1,189.4,Half Marathon,91.4
R-0569,21,Female,51,191,59.8,79.7,5.42,4.61,0.84,22.3,46.8,103.9,223.4,Half Marathon,107.7
R-0570,53,Female,54,190,41.5,29.2,7.62,6.48,0.95,33.3,69.9,155.2,333.7,5K,34.3
R-0571,23,Female,69,207,59.3,77.1,6.09,5.18,0.96,25.1,52.7,117,251.6,Half Marathon,116.1
R-0572,48,Male,62,189,58.6,83,5.91,5.02,0.9,24.4,51.2,113.7,244.5,5K,23.1
R-0573,36,Male,63,198,54,46.3,6.52,5.54,0.61,27.3,57.3,127.2,273.5,5K,25.8
R-0574,56,Female,48,173,46.2,34.8,7.4,6.29,0.83,31.8,66.8,148.3,318.8,5K,32.8
R-0575,44,Female,54,176,43.1,40.5,7.02,5.97,0.91,30.5,64,142.1,305.5,Full Marathon,313.2
R-0576,27,Male,45,197,42,39.9,7.23,6.15,0.61,31.6,66.4,147.4,316.9,5K,31
R-0577,43,Male,67,197,44.6,43.3,7.68,6.53,0.82,33.2,69.7,154.7,332.6,5K,31.8
R-0578,36,Male,62,173,62.1,91.9,4.68,3.98,0.94,19.1,40.1,89,191.4,10K,38.8
R-0579,56,Female,49,191,37.3,22,7.98,6.78,0.79,35.3,74.1,164.5,353.7,10K,74.5
R-0580,20,Male,59,181,59.9,86.2,5.15,4.38,0.6,21.2,44.5,98.8,212.4,Full Marathon,213.5
R-0581,30,Male,61,172,45.5,52.3,7.5,6.38,0.6,32.4,68,151,324.6,5K,33.4
R-0582,45,Female,47,191,50.6,65.9,6.43,5.47,0.77,27.3,57.3,127.2,273.5,10K,56.5
R-0583,37,Male,56,171,58.8,76.6,5.62,4.78,0.66,23.2,48.7,108.1,232.4,10K,48.3
R-0584,45,Male,46,193,61.5,99.8,6.21,5.28,0.87,25.4,53.3,118.3,254.3,Half Marathon,122.3
R-0585,25,Male,45,203,45.3,49,6.43,5.47,0.88,27.8,58.4,129.6,278.6,5K,26
R-0586,58,Female,67,196,48.9,69.4,6.72,5.71,0.67,28.7,60.3,133.9,287.9,10K,60.9
R-0587,56,Female,65,170,47.4,67.4,6.67,5.67,0.96,28.6,60.1,133.4,286.8,Full Marathon,283.9
R-0588,18,Female,61,177,35.4,15,8.23,7,0.78,36.7,77.1,171.2,368.1,Half Marathon,174.9
R-0589,20,Female,66,192,43.9,35.1,8.07,6.86,0.66,35,73.5,163.2,350.9,Half Marathon,165.7
R-0590,30,Female,60,207,48.8,64.9,6.32,5.37,0.91,27,56.7,125.9,270.7,5K,26.4
R-0591,45,Female,49,175,47.3,36.2,6.17,5.24,0.92,26.4,55.4,123,264.4,5K,26
R-0592,42,Female,59,191,56.7,92.1,5.43,4.62,0.86,22.6,47.5,105.4,226.6,Half Marathon,98.1
R-0593,50,Male,47,194,46.5,47.2,6.73,5.72,0.94,28.9,60.7,134.8,289.8,Full Marathon,296.3
R-0594,55,Male,72,187,49.7,65,6.56,5.58,0.89,27.9,58.6,130.1,279.7,5K,28.1
R-0595,23,Female,51,186,47.9,53.2,6.77,5.75,0.95,29,60.9,135.2,290.7,5K,30.2
R-0596,49,Male,55,181,57.2,65.3,6.68,5.68,0.77,27.7,58.2,129.2,277.8,Half Marathon,127.7
R-0597,38,Male,54,175,60.9,99.6,6.22,5.29,0.9,25.5,53.6,119,255.8,Half Marathon,122.3
R-0598,33,Female,53,195,51,90.2,7.05,5.99,1,29.9,62.8,139.4,299.7,5K,28.9
R-0599,38,Male,58,196,58.7,78,6.89,5.86,0.89,28.5,59.8,132.8,285.5,10K,54.9
R-0600,28,Male,57,177,43.9,40.5,7.52,6.39,0.65,32.6,68.5,152.1,327,5K,32.5
R-0601,54,Male,73,188,51.2,36.7,6.93,5.89,0.81,29.3,61.5,136.5,293.5,10K,60.5
R-0602,53,Male,69,170,45.4,61.2,7.36,6.26,0.83,31.8,66.8,148.3,318.8,Half Marathon,143.6
R-0603,52,Male,74,198,47.4,62.2,7.08,6.02,0.67,30.4,63.8,141.6,304.4,10K,65.5
R-0604,36,Female,69,204,57,61.3,6,5.1,0.99,24.9,52.3,116.1,249.6,Full Marathon,258.6
R-0605,37,Female,46,183,61.4,69.8,5.16,4.39,0.67,21.1,44.3,98.3,211.3,Half Marathon,98.6
R-0606,35,Female,47,204,38.6,15,7.02,5.97,0.67,31,65.1,144.5,310.7,5K,30.8
R-0607,58,Male,51,189,54,77.1,6.03,5.13,0.97,25.3,53.1,117.9,253.5,5K,25.3
R-0608,31,Female,65,182,52.5,74.1,6.53,5.55,0.79,27.5,57.8,128.3,275.8,Half Marathon,125.8
R-0609,32,Male,62,207,38.6,20.4,7.68,6.53,0.63,33.9,71.2,158.1,339.9,Half Marathon,160.8
R-0610,48,Male,47,177,41.4,42.1,6.83,5.81,0.84,29.9,62.8,139.4,299.7,Full Marathon,285.9
R-0611,18,Male,54,189,44.3,46.4,6.99,5.94,0.84,30.3,63.6,141.2,303.6,Half Marathon,136.7
R-0612,20,Male,66,202,40,29.7,7.39,6.28,0.63,32.4,68,151,324.6,5K,31.6
R-0613,33,Female,73,195,42.3,49.2,7.24,6.15,0.99,31.5,66.2,147,316,Full Marathon,321.1
R-0614,40,Female,51,208,43,29.3,7.45,6.33,0.82,32.4,68,151,324.6,5K,32.1
R-0615,28,Male,53,190,45.1,58.4,7.34,6.24,0.82,31.7,66.6,147.9,318,10K,69.3
R-0616,29,Female,61,178,57.5,72.7,5.5,4.68,0.81,22.8,47.9,106.3,228.5,Half Marathon,108.9
R-0617,27,Male,55,193,52.2,83.7,6.77,5.75,0.84,28.5,59.8,132.8,285.5,10K,58.4
R-0618,49,Female,51,206,64.6,88.9,5.61,4.77,0.71,22.7,47.7,105.9,227.7,5K,23.1
R-0619,33,Female,68,186,47.4,49.6,6.92,5.88,0.71,29.7,62.4,138.5,297.8,10K,61.6
R-0620,25,Male,72,193,57.6,80.9,6.07,5.16,0.8,25.1,52.7,117,251.6,10K,53.4
R-0621,55,Female,58,190,61.1,90.1,5.88,5,0.92,24.1,50.6,112.3,241.4,5K,24.7
R-0622,29,Male,63,208,55.4,79.3,5.41,4.6,0.62,22.6,47.5,105.4,226.6,5K,23.4
R-0623,41,Female,48,208,47.4,40.2,7.29,6.2,0.84,31.3,65.7,145.9,313.7,Half Marathon,146.8
R-0624,45,Male,70,182,57.6,79.9,5.34,4.54,0.92,22.1,46.4,103,221.4,10K,48.6
R-0625,25,Male,50,180,41.1,37.6,7.04,5.98,0.66,30.8,64.7,143.6,308.7,Full Marathon,312.8
R-0626,45,Female,54,188,44.8,40.9,7.12,6.05,0.61,30.8,64.7,143.6,308.7,Full Marathon,310
R-0627,53,Female,51,180,51.4,67.8,5.29,4.5,0.73,22.4,47,104.3,224.2,5K,22.2
R-0628,43,Male,57,182,52.3,52.7,6.36,5.41,0.84,26.8,56.3,125,268.8,5K,26.3
R-0629,25,Female,58,170,35.7,18.6,8.42,7.16,0.66,37.5,78.8,174.9,376,10K,79.8
R-0630,45,Female,48,188,63.4,88.2,4.34,3.69,0.77,17.6,37,82.1,176.5,5K,17.7
R-0631,45,Male,52,181,55.9,72.5,6.45,5.48,0.82,26.9,56.5,125.4,269.6,Full Marathon,271.7
R-0632,54,Male,49,177,49.9,74.2,6.16,5.24,0.84,26.2,55,122.1,262.5,Half Marathon,123.9
R-0633,58,Female,45,177,63,109.3,5.3,4.5,0.71,21.5,45.2,100.3,215.6,Half Marathon,101.1
R-0634,53,Male,48,181,48.2,67.9,6.4,5.44,0.76,27.4,57.5,127.6,274.3,10K,61
R-0635,44,Male,47,202,64.4,93.8,5.35,4.55,0.91,21.7,45.6,101.2,217.6,Half Marathon,99.6
R-0636,34,Male,53,195,50.4,70.1,6.97,5.92,0.98,29.6,62.2,138.1,296.9,5K,30
R-0637,26,Female,52,208,38.4,30.2,7.98,6.78,0.94,35.2,73.9,164.1,352.8,5K,35
R-0638,50,Female,45,197,57.9,81.5,5.71,4.85,0.83,23.6,49.6,110.1,236.7,5K,21.9
R-0639,37,Male,71,174,55.4,73.6,5.72,4.86,0.76,23.9,50.2,111.4,239.5,5K,23.8
R-0640,30,Female,50,177,58.2,99.5,5.65,4.8,0.73,23.3,48.9,108.6,233.5,10K,47.5
R-0641,45,Male,53,194,63.5,109.7,5.48,4.66,0.65,22.3,46.8,103.9,223.4,Half Marathon,103.7
R-0642,46,Female,51,196,58.3,89.6,6.02,5.12,0.64,24.9,52.3,116.1,249.6,Full Marathon,249.4
R-0643,30,Male,48,192,53.3,67.1,6.45,5.48,0.88,27.1,56.9,126.3,271.5,Half Marathon,127.8
R-0644,52,Male,57,199,60.7,88.9,4.79,4.07,0.7,19.6,41.2,91.5,196.7,5K,19.3
R-0645,23,Female,61,192,55.2,79.2,5.97,5.07,0.7,24.9,52.3,116.1,249.6,Full Marathon,246.6
R-0646,35,Male,72,189,47.2,47.3,6.46,5.49,1,27.7,58.2,129.2,277.8,10K,59.4
R-0647,22,Female,46,187,61.6,100.3,5.67,4.82,0.68,23.2,48.7,108.1,232.4,5K,22.6
R-0648,42,Female,72,187,41.7,28.7,6.95,5.91,0.66,30.4,63.8,141.6,304.4,5K,28.7
R-0649,19,Male,49,171,56.4,81,6.09,5.18,0.64,25.3,53.1,117.9,253.5,Full Marathon,254.7
R-0650,27,Male,56,173,61.4,67.5,5.22,4.44,0.83,21.4,44.9,99.7,214.4,10K,46.3
R-0651,47,Female,71,199,56.9,72.9,4.87,4.14,0.85,20.2,42.4,94.1,202.3,Full Marathon,206.5
R-0652,22,Male,65,202,55.9,96.5,6.38,5.42,0.75,26.6,55.9,124.1,266.8,10K,56.2
R-0653,50,Male,52,205,57.6,90.6,5.73,4.87,0.81,23.7,49.8,110.6,237.8,5K,24.6
R-0654,18,Male,50,187,49,72.7,7.24,6.15,0.92,30.9,64.9,144.1,309.8,Half Marathon,148.8
R-0655,35,Male,52,206,61.2,83.2,4.55,3.87,0.93,18.6,39.1,86.8,186.6,5K,18.4
R-0656,49,Male,62,188,41.1,37.3,7.24,6.15,0.98,31.7,66.6,147.9,318,Half Marathon,149
R-0657,28,Female,47,197,38.8,43,7.51,6.38,0.93,33.1,69.5,154.3,331.7,Half Marathon,155.6
R-0658,38,Female,66,189,43.6,49.3,7.28,6.19,0.83,31.6,66.4,147.4,316.9,10K,66.2
R-0659,43,Male,56,202,50.9,67.5,5.75,4.89,0.67,24.4,51.2,113.7,244.5,Full Marathon,252.8
R-0660,42,Male,73,181,50.3,77.1,6.74,5.73,0.64,28.6,60.1,133.4,286.8,10K,59.8
R-0661,39,Male,70,184,59.6,75.2,6.5,5.52,0.62,26.7,56.1,124.5,267.7,5K,26.3
R-0662,44,Female,47,208,47.1,50.4,7.03,5.98,0.87,30.2,63.4,140.7,302.5,Full Marathon,279
R-0663,30,Male,66,171,49.5,41.1,6.6,5.61,0.92,28.1,59,131,281.6,Half Marathon,127.9
R-0664,50,Female,50,198,35.4,15,7.27,6.18,0.8,32.4,68,151,324.6,Half Marathon,145
R-0665,51,Female,46,179,47.3,63.5,6.38,5.42,0.62,27.3,57.3,127.2,273.5,5K,27.3
R-0666,58,Female,67,171,54.4,62.6,6.03,5.13,0.81,25.3,53.1,117.9,253.5,Full Marathon,244
R-0667,52,Male,56,180,35.5,28.7,7.69,6.54,0.97,34.3,72,159.8,343.6,5K,34.9
R-0668,18,Female,46,182,43.4,59,7.67,6.52,0.84,33.3,69.9,155.2,333.7,5K,34.4
R-0669,38,Male,50,179,41.2,34.8,7.65,6.5,0.92,33.5,70.4,156.3,336,10K,70.3
R-0670,23,Female,61,183,36.3,28.7,9,7.5,0.92,41,86.1,191.1,410.9,5K,39.8
R-0671,45,Male,47,187,49.4,65.8,6.07,5.16,0.97,25.9,54.4,120.8,259.7,Full Marathon,261.9
R-0672,34,Female,46,178,40.5,22.5,7.47,6.35,0.91,32.8,68.9,153,329,5K,34.7
R-0673,22,Male,67,208,57.3,73.3,5.08,4.32,0.9,21.1,44.3,98.3,211.3,Full Marathon,221.3
R-0674,48,Female,74,197,60.4,77.7,4.35,3.7,0.69,17.9,37.6,83.5,179.5,Half Marathon,80
R-0675,22,Male,64,172,51.4,58.4,6.72,5.71,0.62,28.4,59.6,132.3,284.4,5K,27.2
R-0676,55,Male,52,189,64.5,105.8,5.3,4.5,0.81,21.4,44.9,99.7,214.4,Full Marathon,203.5
R-0677,20,Male,66,175,48.5,50,6.22,5.29,0.65,26.6,55.9,124.1,266.8,Half Marathon,119.9
R-0678,40,Male,56,196,50.4,60.7,6.51,5.53,0.98,27.6,58,128.8,276.9,Full Marathon,279
R-0679,54,Female,70,171,64.7,88.8,4.72,4.01,0.72,19.1,40.1,89,191.4,Half Marathon,87.5
R-0680,54,Female,48,198,41.9,50.7,7.06,6,0.94,30.8,64.7,143.6,308.7,10K,63.1
R-0681,27,Male,49,207,63.3,90,5.01,4.26,0.76,20.4,42.8,95,204.2,5K,21
R-0682,27,Female,57,172,36.3,38.7,7.42,6.31,0.73,33,69.3,153.8,330.7,5K,33.5
R-0683,36,Male,73,185,48.4,56.3,6.3,5.36,0.97,26.9,56.5,125.4,269.6,Half Marathon,119
R-0684,34,Male,75,199,37.1,15,7.45,6.33,0.75,33,69.3,153.8,330.7,10K,71.3
R-0685,38,Female,59,171,56.9,76.7,6.02,5.12,0.76,25,52.5,116.6,250.7,Full Marathon,254.5
R-0686,31,Male,69,186,53.3,58.2,4.78,4.06,0.64,20.1,42.2,93.7,201.5,10K,42.9
R-0687,26,Male,67,181,56.2,82.4,5.77,4.9,0.87,24,50.4,111.9,240.6,Full Marathon,236.5
R-0688,18,Female,60,204,46.2,47.3,6.34,5.39,0.72,27.3,57.3,127.2,273.5,Full Marathon,272
R-0689,30,Male,54,170,46.1,51.2,6.36,5.41,0.83,27.4,57.5,127.6,274.3,5K,25.8
R-0690,21,Male,74,184,36.4,20,7.6,6.46,0.84,33.8,71,157.6,338.8,Half Marathon,161.7
R-0691,18,Male,74,195,45.5,42.4,6.94,5.9,0.89,29.9,62.8,139.4,299.7,5K,29
R-0692,57,Male,69,206,62.9,84.7,5.1,4.34,0.9,20.8,43.7,97,208.6,5K,20.3
R-0693,49,Female,67,190,46.4,58.8,6.33,5.38,0.81,27.2,57.1,126.8,272.6,5K,26.5
R-0694,51,Female,60,200,59.9,84.7,5.87,4.99,0.73,24.1,50.6,112.3,241.4,Full Marathon,254.4
R-0695,45,Female,56,194,60.3,84.3,5.02,4.27,0.93,20.6,43.3,96.1,206.6,5K,20.2
R-0696,48,Male,61,192,46.2,47.9,6.51,5.53,0.72,28,58.8,130.5,280.6,Full Marathon,288.5
R-0697,25,Male,60,193,54,63.9,6.24,5.3,0.8,26.1,54.8,121.7,261.7,Half Marathon,121.6
R-0698,56,Female,56,207,37.9,24.6,7.87,6.69,0.76,34.8,73.1,162.3,348.9,Full Marathon,340.2
R-0699,43,Male,52,197,38.1,30.3,7.38,6.27,0.94,32.6,68.5,152.1,327,Full Marathon,317.1
R-0700,51,Male,64,190,36.5,15,6.38,5.42,0.77,28.3,59.4,131.9,283.6,10K,58.3
R-0701,20,Male,47,187,52.4,57.5,5.82,4.95,0.75,24.6,51.7,114.8,246.8,5K,24.5
R-0702,29,Male,60,205,47.8,67.9,6.8,5.78,0.88,29.1,61.1,135.6,291.5,5K,29.6
R-0703,18,Female,74,204,51.4,60.1,6.7,5.7,0.84,28.4,59.6,132.3,284.4,5K,28
R-0704,22,Female,57,178,50.6,56.1,6.4,5.44,0.64,27.1,56.9,126.3,271.5,5K,26.7
R-0705,47,Female,67,207,45.5,34.6,6.71,5.7,0.8,28.9,60.7,134.8,289.8,10K,59.1
R-0706,47,Male,72,199,55.3,82.6,7.12,6.05,0.89,29.7,62.4,138.5,297.8,10K,60.2
R-0707,34,Female,63,203,57.8,70.2,5.53,4.7,1,22.9,48.1,106.8,229.6,10K,46.3
R-0708,40,Female,52,201,35.4,20.9,8.27,7.03,0.85,36.9,77.5,172,369.8,10K,79.8
R-0709,32,Male,66,172,41.2,19.5,6.71,5.7,0.75,29.3,61.5,136.5,293.5,5K,28.8
R-0710,54,Male,49,172,56.4,85.2,5.31,4.51,0.69,22.1,46.4,103,221.4,Full Marathon,218.5
R-0711,38,Female,64,197,46.6,62.7,7.16,6.09,0.95,30.8,64.7,143.6,308.7,Half Marathon,140.7
R-0712,31,Female,52,184,54.9,77.9,6.53,5.55,0.93,27.3,57.3,127.2,273.5,10K,56.8
R-0713,19,Female,68,192,45.4,32.4,6.77,5.75,0.69,29.2,61.3,136.1,292.6,Full Marathon,295.9
R-0714,28,Female,56,180,46.7,59.6,5.91,5.02,0.68,25.4,53.3,118.3,254.3,10K,52.5
R-0715,56,Male,45,201,39.8,24.5,7.44,6.32,0.89,32.7,68.7,152.5,327.9,5K,32.9
R-0716,55,Female,69,205,42.7,28.8,7.32,6.22,0.73,31.9,67,148.7,319.7,5K,33.3
R-0717,51,Female,74,202,53.2,64.7,6.23,5.3,0.72,26.2,55,122.1,262.5,Full Marathon,256
R-0718,55,Male,65,193,48,50.6,6.42,5.46,0.66,27.5,57.8,128.3,275.8,Full Marathon,272.2
R-0719,51,Female,64,208,58.2,76.8,5.6,4.76,0.71,23.1,48.5,107.7,231.6,Full Marathon,236.1
R-0720,35,Male,50,203,60.6,101,5.07,4.31,0.77,20.8,43.7,97,208.6,5K,21.7
R-0721,47,Male,66,197,51.2,83.3,5.82,4.95,0.89,24.7,51.9,115.2,247.7,5K,23.8
R-0722,32,Male,62,206,57.7,66.8,6.11,5.19,0.73,25.3,53.1,117.9,253.5,Half Marathon,111.9
R-0723,44,Female,52,176,44.2,37.6,7.13,6.06,0.73,30.9,64.9,144.1,309.8,Full Marathon,309.8
R-0724,51,Female,51,173,47.4,54.5,6.68,5.68,0.71,28.6,60.1,133.4,286.8,Half Marathon,133
R-0725,55,Male,45,206,56.4,73.2,5.61,4.77,0.79,23.3,48.9,108.6,233.5,10K,49.9
R-0726,50,Female,65,170,46.6,54.9,6.75,5.74,0.67,29,60.9,135.2,290.7,Half Marathon,137.4
R-0727,41,Female,60,170,52.7,76.4,6.31,5.36,0.79,26.6,55.9,124.1,266.8,10K,55.8
R-0728,32,Male,56,189,40.6,42.4,8.3,7.06,0.88,36.4,76.4,169.6,364.6,10K,78.8
R-0729,47,Male,50,188,53,74.1,6.53,5.55,0.61,27.5,57.8,128.3,275.8,Half Marathon,125.7
R-0730,59,Female,64,198,60.8,105.4,5.09,4.33,0.6,20.9,43.9,97.5,209.6,Full Marathon,210.9
R-0731,34,Male,46,179,61.1,73.7,5.06,4.3,0.63,20.7,43.5,96.6,207.7,10K,41.9
R-0732,22,Female,73,187,56.7,92.7,5.42,4.61,0.81,22.5,47.2,104.8,225.3,Full Marathon,225
R-0733,46,Female,58,197,57.4,75.6,5.66,4.81,0.94,23.5,49.4,109.7,235.9,5K,22.5
R-0734,21,Female,48,204,51.7,72.4,5.92,5.03,0.6,25,52.5,116.6,250.7,10K,50.7
R-0735,27,Female,45,200,52.5,56.4,6.49,5.52,0.97,27.4,57.5,127.6,274.3,5K,28.8
R-0736,34,Male,67,196,39,21.6,6.28,5.34,0.64,27.7,58.2,129.2,277.8,Half Marathon,122.1
R-0737,27,Male,62,180,48.3,62.1,6.94,5.9,0.94,29.7,62.4,138.5,297.8,Full Marathon,295.9
R-0738,34,Male,57,207,48.5,36.7,6.79,5.77,0.79,29,60.9,135.2,290.7,Half Marathon,138.6
R-0739,37,Male,46,174,63.8,106.7,5.75,4.89,0.86,23.3,48.9,108.6,233.5,10K,52.2
R-0740,41,Female,53,177,47.9,67,7.15,6.08,0.8,30.6,64.3,142.7,306.8,5K,30.8
R-0741,22,Female,65,203,51.5,65.8,6.01,5.11,0.79,25.4,53.3,118.3,254.3,10K,53.7
R-0742,51,Male,46,181,51,64.1,6.78,5.76,0.93,28.7,60.3,133.9,287.9,Half Marathon,134.1
R-0743,23,Female,71,207,54.1,62.6,6.01,5.11,0.9,25.2,52.9,117.4,252.4,Full Marathon,260.4
R-0744,19,Female,69,170,57.4,86.5,4.79,4.07,0.79,19.8,41.6,92.4,198.7,Full Marathon,201.3
R-0745,30,Female,53,200,41.8,41.6,7.4,6.29,0.64,32.3,67.8,150.5,323.6,10K,66.6
R-0746,28,Male,45,173,50.9,53.2,6.1,5.18,0.65,25.8,54.2,120.3,258.6,10K,56
R-0747,40,Male,55,174,59.8,82.2,5.52,4.69,0.92,22.7,47.7,105.9,227.7,5K,22.4
R-0748,33,Male,47,199,48.9,55.5,7.44,6.32,0.81,31.7,66.6,147.9,318,Half Marathon,140.8
R-0749,48,Female,64,193,43.4,38.5,7.27,6.18,0.79,31.6,66.4,147.4,316.9,10K,63.2
R-0750,28,Male,74,172,54.6,58.6,5.53,4.7,0.87,23.1,48.5,107.7,231.6,5K,23
R-0751,33,Male,67,180,59.7,92.9,6.01,5.11,0.94,24.7,51.9,115.2,247.7,10K,52.1
R-0752,25,Male,70,173,36.9,22.6,7.99,6.79,0.85,35.4,74.3,164.9,354.5,Full Marathon,364.7
R-0753,21,Male,48,195,58.3,82.3,5.1,4.34,0.91,21.1,44.3,98.3,211.3,5K,21.5
R-0754,57,Male,62,196,59.6,79.8,4.74,4.03,0.91,19.5,41,91,195.6,5K,19.5
R-0755,21,Male,67,196,48.8,61.6,6.13,5.21,0.74,26.2,55,122.1,262.5,10K,56.7
R-0756,42,Female,50,175,64.5,100.7,5.47,4.65,0.71,22.1,46.4,103,221.4,Half Marathon,103
R-0757,20,Female,47,184,58.6,95.1,5.49,4.67,0.92,22.7,47.7,105.9,227.7,Full Marathon,218.9
R-0758,49,Male,66,199,58.2,86.7,5.72,4.86,0.75,23.6,49.6,110.1,236.7,Half Marathon,105.1
R-0759,20,Male,55,206,57.4,77.7,5.09,4.33,0.96,21.1,44.3,98.3,211.3,5K,21.9
R-0760,44,Female,59,206,39.5,24.6,7.98,6.78,0.63,35.1,73.7,163.6,351.7,Half Marathon,152.6
R-0761,46,Female,66,206,41.5,46,6.34,5.39,0.62,27.7,58.2,129.2,277.8,5K,27.5
R-0762,49,Male,72,204,48.9,54.2,6.28,5.34,0.97,26.8,56.3,125,268.8,Half Marathon,136.2
R-0763,36,Male,49,192,42.9,39.3,7.42,6.31,0.86,32.3,67.8,150.5,323.6,10K,68.7
R-0764,38,Male,64,175,47.5,51.6,6.19,5.26,0.75,26.5,55.6,123.4,265.3,Half Marathon,122.6
R-0765,22,Male,54,173,61.7,87.2,5.64,4.79,0.9,23,48.3,107.2,230.5,5K,21.8
R-0766,35,Female,56,187,59.7,84.3,5.1,4.34,0.87,21,44.1,97.9,210.5,Full Marathon,220.7
R-0767,45,Male,59,178,53.9,89.7,5.5,4.68,0.81,23.1,48.5,107.7,231.6,Full Marathon,240
R-0768,59,Male,61,198,60.7,78.1,6.07,5.16,0.64,24.9,52.3,116.1,249.6,Full Marathon,254.7
R-0769,39,Male,54,182,58.5,74.5,5.73,4.87,0.92,23.7,49.8,110.6,237.8,5K,23.7
R-0770,38,Male,50,186,47.9,68.2,6.97,5.92,0.95,29.8,62.6,139,298.8,Half Marathon,141.4
R-0771,23,Female,62,201,41,32.3,7.91,6.72,0.67,34.6,72.7,161.4,347,Full Marathon,345.5
R-0772,18,Female,57,191,50.4,56.6,5.15,4.38,0.94,21.9,46,102.1,219.5,Full Marathon,213.1
R-0773,22,Female,47,173,57.1,89.3,6.11,5.19,0.95,25.3,53.1,117.9,253.5,Full Marathon,260.8
R-0774,58,Male,74,174,48.1,40.7,6.31,5.36,0.82,27,56.7,125.9,270.7,10K,56.6
R-0775,29,Male,68,206,55,81.5,5.69,4.84,0.86,23.8,50,111,238.6,5K,24.2
R-0776,43,Female,54,182,37.8,27.9,7.94,6.75,0.75,35.1,73.7,163.6,351.7,5K,35
R-0777,51,Male,74,203,57.4,84.4,5.58,4.74,0.71,23.1,48.5,107.7,231.6,5K,23.4
R-0778,31,Male,58,191,59.4,89.5,5.86,4.98,0.89,24.1,50.6,112.3,241.4,5K,24.1
R-0779,43,Female,50,192,56.2,70.3,5.86,4.98,0.94,24.4,51.2,113.7,244.5,5K,24.3
R-0780,44,Female,47,172,64,107.8,5.18,4.4,0.86,21,44.1,97.9,210.5,10K,44.1
R-0781,26,Female,60,203,59.8,80.6,5.27,4.48,0.8,21.7,45.6,101.2,217.6,Half Marathon,110.2
R-0782,43,Female,51,201,62.1,96.4,4.76,4.05,0.66,19.4,40.7,90.4,194.4,10K,41.7
R-0783,39,Male,64,190,63,107,4.83,4.11,0.62,19.7,41.4,91.9,197.6,Full Marathon,212.9
R-0784,47,Male,58,190,59,97.8,5.55,4.72,0.78,22.9,48.1,106.8,229.6,10K,48.1
R-0785,34,Female,53,180,55.2,71.2,6.9,5.86,0.62,28.8,60.5,134.3,288.7,5K,28.5
R-0786,43,Male,59,208,35.2,25.2,8.72,7.41,0.83,38.9,81.7,181.4,390,10K,79.1
R-0787,53,Female,65,173,49,53.7,6.27,5.33,0.75,26.7,56.1,124.5,267.7,5K,28
R-0788,18,Female,47,170,52.1,90.6,6.32,5.37,0.9,26.7,56.1,124.5,267.7,10K,54.6
R-0789,25,Male,46,197,44.1,52.1,6.95,5.91,0.72,30.1,63.2,140.3,301.6,5K,31.7
R-0790,52,Female,71,193,44.5,46.2,7.12,6.05,0.84,30.8,64.7,143.6,308.7,Full Marathon,299.3
R-0791,32,Male,46,204,63.8,99.9,5.25,4.46,0.82,21.3,44.7,99.2,213.3,5K,21.9
R-0792,39,Male,47,182,61.8,95.5,5.58,4.74,0.6,22.8,47.9,106.3,228.5,10K,45.6
R-0793,31,Male,62,203,60.5,92.4,4,3.5,0.63,16.4,34.4,76.4,164.3,Full Marathon,162.1
R-0794,43,Male,58,180,47.2,50.1,6.96,5.92,0.72,29.9,62.8,139.4,299.7,10K,62.8
R-0795,45,Female,64,205,35.4,17.1,7.76,6.6,0.95,34.6,72.7,161.4,347,Full Marathon,340.8
R-0796,40,Male,62,186,37.4,24.9,7.41,6.3,0.66,32.8,68.9,153,329,Half Marathon,152.2
R-0797,31,Female,54,204,44.4,33.7,7.46,6.34,0.88,32.3,67.8,150.5,323.6,Half Marathon,149.8
R-0798,41,Female,69,187,35.5,28.5,8.68,7.38,0.99,38.7,81.3,180.5,388.1,Half Marathon,184.9
R-0799,19,Female,46,191,35.5,15,8.29,7.05,0.92,37,77.7,172.5,370.9,10K,72.8
R-0800,43,Female,69,193,62.5,82.7,4.99,4.24,0.7,20.3,42.6,94.6,203.4,10K,41.9
R-0801,31,Male,73,188,56.2,76.4,5.34,4.54,0.96,22.2,46.6,103.5,222.5,Full Marathon,230.9
R-0802,24,Male,66,206,44.3,43.5,5.57,4.73,0.64,24.1,50.6,112.3,241.4,Full Marathon,245.5
R-0803,20,Female,45,208,39,33.2,7.69,6.54,0.79,33.9,71.2,158.1,339.9,Full Marathon,352.9
R-0804,40,Female,48,190,50.3,55.1,6.76,5.75,0.96,28.7,60.3,133.9,287.9,Full Marathon,294.5
R-0805,35,Male,75,177,35.2,16.6,7.93,6.74,0.86,35.4,74.3,164.9,354.5,5K,34.2
R-0806,55,Female,58,197,63.2,102.1,5.65,4.8,0.77,22.9,48.1,106.8,229.6,Half Marathon,108.9
R-0807,52,Male,45,174,47.4,59.4,6.1,5.18,0.72,26.1,54.8,121.7,261.7,5K,26.2
R-0808,32,Female,58,186,47.1,58.2,6.7,5.7,0.75,28.8,60.5,134.3,288.7,5K,30.8
R-0809,42,Male,60,206,46.7,51.5,6.7,5.7,0.8,28.8,60.5,134.3,288.7,5K,29.5
R-0810,54,Female,66,205,37.1,27.3,7.73,6.57,0.73,34.3,72,159.8,343.6,5K,34.8
R-0811,45,Female,58,188,54.1,73.2,6.67,5.67,0.99,28,58.8,130.5,280.6,Half Marathon,133.1
R-0812,27,Male,73,196,57,72.1,5.75,4.89,0.97,23.9,50.2,111.4,239.5,5K,24.2
R-0813,56,Female,64,203,55.3,88.9,5.82,4.95,0.95,24.3,51,113.2,243.4,Full Marathon,246.6
R-0814,34,Female,47,180,39.2,44.5,7.11,6.04,0.77,31.3,65.7,145.9,313.7,10K,65.2
R-0815,56,Male,47,181,52.4,74.3,6.92,5.88,0.88,29.2,61.3,136.1,292.6,Full Marathon,297.3
R-0816,39,Female,53,190,52.1,61.3,5.57,4.73,0.96,23.5,49.4,109.7,235.9,10K,50.8
R-0817,43,Male,50,180,61.1,95,5.11,4.34,0.94,20.9,43.9,97.5,209.6,Full Marathon,216.3
R-0818,42,Male,69,208,46.4,60.2,7.71,6.55,0.77,33.1,69.5,154.3,331.7,Full Marathon,341
R-0819,34,Female,57,197,46.1,37.4,7.12,6.05,0.64,30.6,64.3,142.7,306.8,10K,67.2
R-0820,30,Female,65,174,53.6,86.5,6.13,5.21,0.63,25.7,54,119.9,257.8,Half Marathon,123.9
R-0821,37,Female,46,186,54,53.3,6.11,5.19,0.83,25.6,53.8,119.4,256.7,5K,26.1
R-0822,42,Female,52,189,49.1,64.6,6.12,5.2,0.86,26.1,54.8,121.7,261.7,Full Marathon,252.7
R-0823,21,Female,65,181,48.3,70,6.64,5.64,0.94,28.4,59.6,132.3,284.4,Half Marathon,127.8
R-0824,27,Female,46,175,49.8,58.3,6.35,5.4,0.72,27,56.7,125.9,270.7,5K,26.8
R-0825,20,Female,48,186,60.8,87.3,5.51,4.68,0.67,22.6,47.5,105.4,226.6,Half Marathon,105.5
R-0826,58,Male,69,188,48.8,63.5,5.87,4.99,0.75,25,52.5,116.6,250.7,Half Marathon,121.5
R-0827,35,Female,59,195,63.2,113.7,5.38,4.57,0.74,21.8,45.8,101.7,218.7,5K,20
R-0828,53,Male,48,201,50.1,57.5,7,5.95,0.65,29.7,62.4,138.5,297.8,Full Marathon,288.6
R-0829,39,Female,57,175,63.5,88.2,5.05,4.29,0.87,20.5,43.1,95.7,205.8,Half Marathon,95.1
R-0830,51,Female,72,205,60,82.4,5.82,4.95,0.8,23.9,50.2,111.4,239.5,Full Marathon,232.3
R-0831,25,Male,56,207,45.9,33.5,7.07,6.01,0.89,30.5,64,142.1,305.5,Full Marathon,298.2
R-0832,57,Female,72,180,60.9,98,5.11,4.34,0.74,20.9,43.9,97.5,209.6,Full Marathon,206.5
R-0833,36,Female,57,202,38.3,23.7,7.14,6.07,0.73,31.5,66.2,147,316,5K,30.6
R-0834,59,Male,75,193,62.8,92,4.76,4.05,0.79,19.4,40.7,90.4,194.4,10K,39.8
R-0835,58,Female,58,192,53.9,79.5,6.26,5.32,0.95,26.3,55.2,122.5,263.4,Full Marathon,274.2
R-0836,54,Female,64,184,36.6,20.5,7.81,6.64,0.62,34.7,72.9,161.8,347.9,10K,74.2
R-0837,23,Female,62,196,54.3,79.1,6.71,5.7,0.92,28.1,59,131,281.6,10K,60.4
R-0838,43,Male,73,180,64.2,87.5,5.48,4.66,0.75,22.2,46.6,103.5,222.5,Half Marathon,103.4
R-0839,51,Female,72,186,37.1,35.2,8.18,6.95,0.94,36.2,76,168.7,362.7,Full Marathon,373.7
R-0840,23,Female,75,183,51.6,67.7,6.47,5.5,0.92,27.4,57.5,127.6,274.3,Full Marathon,281.3
R-0841,54,Female,50,196,57.4,78.8,5.28,4.49,0.74,21.9,46,102.1,219.5,Full Marathon,223.4
R-0842,50,Female,73,187,59.3,86.1,5.73,4.87,0.88,23.6,49.6,110.1,236.7,10K,48.6
R-0843,39,Male,55,197,47.4,40.2,6.79,5.77,0.66,29.1,61.1,135.6,291.5,5K,28.7
R-0844,38,Male,74,173,41.1,37.3,6.82,5.8,0.96,29.9,62.8,139.4,299.7,10K,64.8
R-0845,23,Female,46,176,36.3,22,8.47,7.2,0.76,37.6,79,175.4,377.1,Full Marathon,371.3
R-0846,23,Female,72,204,52.4,53.8,6.81,5.79,0.78,28.7,60.3,133.9,287.9,Full Marathon,276.8
R-0847,21,Male,67,178,48.6,49.6,6.07,5.16,0.88,25.9,54.4,120.8,259.7,Full Marathon,255.5
R-0848,47,Male,63,177,63.5,94.7,4.83,4.11,0.93,19.6,41.2,91.5,196.7,10K,43.1
R-0849,28,Female,75,186,36.8,18.7,7.55,6.42,0.69,33.5,70.4,156.3,336,Full Marathon,330.6
R-0850,47,Male,63,186,55.6,50.8,6.24,5.3,0.86,26,54.6,121.2,260.6,Half Marathon,122.4
R-0851,48,Female,49,202,35.7,32.6,8.18,6.95,0.76,36.4,76.4,169.6,364.6,Full Marathon,357.9
R-0852,41,Male,63,201,40.1,32.2,7.51,6.38,0.75,33,69.3,153.8,330.7,5K,33.8
R-0853,26,Male,46,177,48.6,33.5,6.78,5.76,0.88,28.9,60.7,134.8,289.8,Half Marathon,137
R-0854,20,Male,54,188,48.6,77.6,6,5.1,0.75,25.6,53.8,119.4,256.7,Full Marathon,245.2
R-0855,48,Male,69,207,55.6,87.3,6.13,5.21,0.74,25.6,53.8,119.4,256.7,Half Marathon,120.4
R-0856,57,Female,46,172,62.3,89.3,5.22,4.44,0.93,21.3,44.7,99.2,213.3,Full Marathon,202.5
R-0857,54,Male,74,174,54.2,62.8,5.74,4.88,0.64,24.1,50.6,112.3,241.4,5K,23.7
R-0858,53,Male,55,182,63.6,100.3,4.37,3.71,0.87,17.7,37.2,82.6,177.6,Full Marathon,177.5
R-0859,41,Female,62,200,61.4,92.4,5.37,4.56,0.7,21.9,46,102.1,219.5,Half Marathon,107.8
R-0860,48,Male,73,185,52.5,72.1,6.43,5.47,0.61,27.1,56.9,126.3,271.5,5K,27.4
R-0861,23,Male,75,201,60,78.3,4.65,3.95,0.67,19.1,40.1,89,191.4,10K,39.2
R-0862,19,Female,68,191,54.3,82.4,6.08,5.17,0.84,25.5,53.6,119,255.8,5K,25.3
R-0863,37,Male,59,198,37.4,21.7,7.82,6.65,0.88,34.6,72.7,161.4,347,5K,35.6
R-0864,45,Female,53,191,57.2,86,5.5,4.68,0.61,22.8,47.9,106.3,228.5,5K,22.3
R-0865,28,Female,67,172,37.8,19.5,7.91,6.72,0.61,35,73.5,163.2,350.9,Half Marathon,168.6
R-0866,21,Female,63,179,52.8,93.9,6.15,5.23,0.96,25.9,54.4,120.8,259.7,5K,25.5
R-0867,32,Female,53,190,56.1,83.2,6.03,5.13,0.63,25.1,52.7,117,251.6,Full Marathon,244.7
R-0868,23,Male,47,185,37,54.2,8.07,6.86,0.96,35.8,75.2,166.9,358.8,5K,35.3
R-0869,47,Female,65,181,41.9,46.7,7.58,6.44,0.69,33.1,69.5,154.3,331.7,5K,31.5
R-0870,55,Male,53,171,62.5,87.7,5.76,4.9,0.9,23.5,49.4,109.7,235.9,Full Marathon,220.5
R-0871,19,Male,72,193,53.5,77.6,6.32,5.37,0.72,26.5,55.6,123.4,265.3,Full Marathon,264.6
R-0872,32,Male,74,204,42.4,48.7,7.02,5.97,0.94,30.6,64.3,142.7,306.8,10K,64.2
R-0873,28,Male,58,199,55.7,78.9,5.61,4.77,0.88,23.4,49.1,109,234.4,5K,23.6
R-0874,25,Male,63,199,52.9,74,5.68,4.83,0.76,23.9,50.2,111.4,239.5,Half Marathon,111.1
R-0875,43,Male,51,204,50,67.6,6.58,5.59,0.63,28,58.8,130.5,280.6,5K,30
R-0876,22,Male,60,188,64.3,88.2,5.73,4.87,0.89,23.2,48.7,108.1,232.4,5K,23.3
R-0877,23,Male,60,177,55.5,64,5.77,4.9,0.85,24.1,50.6,112.3,241.4,Full Marathon,231.4
R-0878,43,Male,72,195,46.3,42.2,7.09,6.03,0.6,30.5,64,142.1,305.5,10K,61.8
R-0879,21,Male,45,176,59,85.3,5.22,4.44,0.6,21.5,45.2,100.3,215.6,5K,21.5
R-0880,36,Female,48,199,61.5,88.4,5.45,4.63,0.92,22.3,46.8,103.9,223.4,Half Marathon,102.5
R-0881,37,Female,48,176,38.8,20.4,8.25,7.01,0.7,36.4,76.4,169.6,364.6,5K,35.1
R-0882,50,Female,51,172,41,43.8,7.74,6.58,0.85,33.9,71.2,158.1,339.9,Half Marathon,157.8
R-0883,37,Male,52,170,41.5,40.2,6.56,5.58,0.78,28.7,60.3,133.9,287.9,Full Marathon,287.5
R-0884,29,Female,61,205,55.7,76.9,6.22,5.29,0.95,25.9,54.4,120.8,259.7,10K,57
R-0885,18,Female,49,194,53.1,65.7,6.5,5.52,0.97,27.3,57.3,127.2,273.5,5K,26.5
R-0886,43,Female,51,206,53.6,65.8,6.23,5.3,1,26.2,55,122.1,262.5,10K,54.3
R-0887,31,Male,72,170,63.2,86.8,5.51,4.68,0.66,22.4,47,104.3,224.2,5K,23.5
R-0888,55,Male,64,184,58.3,91.5,5.25,4.46,0.95,21.7,45.6,101.2,217.6,Half Marathon,102.2
R-0889,54,Male,73,206,38.8,23.1,7.65,6.5,0.71,33.7,70.8,157.2,338,10K,68.8
R-0890,28,Male,64,182,45.4,49.8,7.52,6.39,0.84,32.4,68,151,324.6,5K,31.7
R-0891,53,Female,48,177,48.1,71.6,7.2,6.12,0.8,30.8,64.7,143.6,308.7,Full Marathon,297.5
R-0892,30,Female,72,174,46.9,48.4,7.08,6.02,0.61,30.4,63.8,141.6,304.4,Half Marathon,141.9
R-0893,20,Female,50,178,55.1,83.2,5.55,4.72,0.97,23.2,48.7,108.1,232.4,10K,50.2
R-0894,50,Female,51,170,61.8,97.2,4.8,4.08,0.63,19.6,41.2,91.5,196.7,5K,20.6
R-0895,23,Male,62,205,44.2,47.6,7.14,6.07,0.88,30.9,64.9,144.1,309.8,10K,62
R-0896,27,Male,75,204,51.6,68.6,6.43,5.47,0.91,27.2,57.1,126.8,272.6,5K,27.9
R-0897,22,Male,49,171,58.7,82.3,5.58,4.74,0.92,23,48.3,107.2,230.5,Half Marathon,107.7
R-0898,40,Female,64,192,47.5,53.7,6.35,5.4,0.65,27.2,57.1,126.8,272.6,Full Marathon,270.5
R-0899,27,Male,75,178,40,27.9,7.72,6.56,0.78,33.9,71.2,158.1,339.9,Half Marathon,156.1
R-0900,19,Male,74,203,49.2,58.3,6.64,5.64,0.93,28.3,59.4,131.9,283.6,10K,56
R-0901,30,Female,73,183,36.7,18.7,7.97,6.77,0.72,35.4,74.3,164.9,354.5,10K,75.7
R-0902,57,Female,47,173,63.3,105.5,5.47,4.65,0.79,22.2,46.6,103.5,222.5,5K,21.3
R-0903,19,Male,51,199,37.2,15,7.64,6.49,0.71,33.8,71,157.6,338.8,Half Marathon,154.1
R-0904,37,Male,71,200,48.2,60,6.44,5.47,0.79,27.5,57.8,128.3,275.8,5K,27.8
R-0905,18,Male,72,207,50.9,65.8,6.96,5.92,0.96,29.5,62,137.6,295.8,Half Marathon,130.1
R-0906,54,Male,66,180,64.6,101.4,4.66,3.96,0.78,18.8,39.5,87.7,188.6,10K,37.9
R-0907,26,Male,58,204,40,43.6,7.27,6.18,0.82,31.9,67,148.7,319.7,5K,33.1
R-0908,34,Male,51,177,38.4,26.2,8.28,7.04,0.76,36.6,76.9,170.7,367,5K,36.7
R-0909,26,Female,49,172,35.3,23.4,7.7,6.54,0.78,34.3,72,159.8,343.6,Half Marathon,156.6
R-0910,28,Female,73,183,39.7,15.4,7.48,6.36,0.61,32.9,69.1,153.4,329.8,Full Marathon,331
R-0911,32,Female,66,182,41.2,32.4,7.17,6.09,0.71,31.3,65.7,145.9,313.7,Half Marathon,148.8
R-0912,41,Male,49,201,53.9,79,5.22,4.44,0.77,21.9,46,102.1,219.5,Full Marathon,226.9
R-0913,55,Female,74,203,41.6,24.2,7.28,6.19,0.85,31.8,66.8,148.3,318.8,Half Marathon,143.4
R-0914,52,Male,67,188,35.6,23.2,7.43,6.32,0.78,33.1,69.5,154.3,331.7,10K,67.4
R-0915,47,Male,46,207,59.8,79.4,5.65,4.8,0.74,23.2,48.7,108.1,232.4,5K,23.6
R-0916,48,Female,74,185,46,48.2,7.45,6.33,0.76,32.1,67.4,149.6,321.6,Half Marathon,152.5
R-0917,22,Male,71,171,45.6,42.1,5.83,4.96,0.7,25.2,52.9,117.4,252.4,10K,50.8
R-0918,31,Male,65,186,44.1,31.8,6.89,5.86,0.97,29.9,62.8,139.4,299.7,Half Marathon,135.3
R-0919,28,Female,66,203,64.3,102,5.3,4.5,0.81,21.4,44.9,99.7,214.4,5K,21.3
R-0920,26,Female,50,185,40.1,33.1,6.4,5.44,0.61,28.1,59,131,281.6,Half Marathon,131.1
R-0921,51,Female,59,207,61.9,97.9,5.98,5.08,0.61,24.4,51.2,113.7,244.5,Full Marathon,244.9
R-0922,29,Male,65,171,58.3,90.1,5.86,4.98,0.99,24.2,50.8,112.8,242.5,5K,23.2
R-0923,52,Female,54,171,37.3,38.4,8.31,7.06,0.69,36.8,77.3,171.6,368.9,Full Marathon,369.4
R-0924,52,Female,67,195,64.6,100.3,4.76,4.05,0.92,19.3,40.5,89.9,193.3,10K,39.6
R-0925,18,Male,70,182,43.1,54.3,6.97,5.92,0.62,30.3,63.6,141.2,303.6,10K,61.4
R-0926,57,Female,68,200,38,18.2,7.62,6.48,0.97,33.7,70.8,157.2,338,Half Marathon,157.1
R-0927,39,Female,51,203,59.9,95.5,6.58,5.59,0.95,27,56.7,125.9,270.7,Full Marathon,269.8
R-0928,46,Female,49,208,56.2,81.1,6.54,5.56,0.83,27.2,57.1,126.8,272.6,Full Marathon,279.2
R-0929,25,Male,45,172,53.5,71.7,6.22,5.29,0.6,26.1,54.8,121.7,261.7,5K,25.4
R-0930,28,Male,57,177,39.7,37,7.66,6.51,0.7,33.7,70.8,157.2,338,Full Marathon,340.4
R-0931,58,Male,65,192,49.4,48.8,6.88,5.85,0.76,29.3,61.5,136.5,293.5,Full Marathon,279.7
R-0932,54,Male,70,183,58.4,70.4,6.86,5.83,0.78,28.3,59.4,131.9,283.6,5K,28.1
R-0933,31,Female,62,196,44.1,61.4,7.28,6.19,0.72,31.6,66.4,147.4,316.9,5K,32
R-0934,47,Male,57,198,44.4,43.4,7.08,6.02,0.61,30.7,64.5,143.2,307.9,Full Marathon,313
R-0935,52,Male,65,208,35.1,18.4,7.82,6.65,0.84,34.9,73.3,162.7,349.8,Half Marathon,165.4
R-0936,38,Female,65,208,40.2,22.8,7.6,6.46,0.81,33.4,70.1,155.6,334.5,5K,34.2
R-0937,54,Female,62,170,61.3,75.3,5.08,4.32,0.71,20.8,43.7,97,208.6,5K,20.5
R-0938,22,Female,49,186,48.3,54.6,6.92,5.88,0.62,29.6,62.2,138.1,296.9,Full Marathon,301.3
R-0939,36,Male,57,199,64.5,95.3,4.33,3.68,1,17.5,36.8,81.7,175.7,Full Marathon,185.6
R-0940,31,Male,48,182,46.9,51.8,6.68,5.68,0.79,28.7,60.3,133.9,287.9,5K,28.3
R-0941,43,Male,61,190,56.5,78.2,6.22,5.29,0.9,25.9,54.4,120.8,259.7,Full Marathon,270.5
R-0942,21,Female,47,188,43.5,67.6,7.33,6.23,0.78,31.8,66.8,148.3,318.8,5K,32.6
R-0943,42,Female,61,188,45.9,45.7,6.68,5.68,0.62,28.8,60.5,134.3,288.7,Half Marathon,133.2
R-0944,59,Male,72,194,40.7,51,7.31,6.21,0.72,32,67.2,149.2,320.8,Half Marathon,148.4
R-0945,42,Female,55,191,45.4,64.2,7.48,6.36,0.73,32.3,67.8,150.5,323.6,5K,32.4
R-0946,35,Female,75,200,51.4,71.3,5.75,4.89,0.94,24.3,51,113.2,243.4,5K,24.9
R-0947,57,Female,65,186,64.8,97.1,4.42,3.76,0.86,17.9,37.6,83.5,179.5,10K,38.1
R-0948,25,Male,64,192,54.9,59.5,5.55,4.72,0.71,23.2,48.7,108.1,232.4,10K,48
R-0949,56,Female,67,201,41,40.8,7.39,6.28,0.99,32.3,67.8,150.5,323.6,Full Marathon,303.4
R-0950,57,Female,65,179,36.3,33.7,7.19,6.11,0.73,31.9,67,148.7,319.7,Full Marathon,326.1
R-0951,31,Male,70,179,38.8,47.6,8.1,6.88,1,35.7,75,166.5,358,5K,33.6
R-0952,49,Male,74,205,51.9,55.6,5.85,4.97,1,24.7,51.9,115.2,247.7,5K,23.7
R-0953,55,Female,48,177,58,78.9,5.81,4.94,0.68,24,50.4,111.9,240.6,10K,49.8
R-0954,50,Female,46,189,63.2,85.8,4.89,4.16,0.73,19.9,41.8,92.8,199.5,10K,40.3
R-0955,40,Male,64,201,35.5,15,7.92,6.73,0.79,35.3,74.1,164.5,353.7,5K,35.6
R-0956,32,Male,60,183,50.7,68.5,5.63,4.79,0.87,23.9,50.2,111.4,239.5,Half Marathon,110.4
R-0957,50,Female,72,197,49.1,50.8,7.09,6.03,0.81,30.2,63.4,140.7,302.5,Half Marathon,144
R-0958,42,Female,62,193,54.7,64.3,5.55,4.72,0.99,23.2,48.7,108.1,232.4,Full Marathon,221.2
R-0959,34,Female,52,184,51.8,72.8,5.79,4.92,0.89,24.5,51.4,114.1,245.3,5K,24
R-0960,50,Female,47,191,55.6,79.4,7.13,6.06,0.68,29.7,62.4,138.5,297.8,5K,29.7
R-0961,19,Male,53,199,54.7,76,6.31,5.36,0.64,26.4,55.4,123,264.4,Full Marathon,264.7
R-0962,31,Female,73,173,38.5,22.8,8.13,6.91,0.88,35.9,75.4,167.4,359.9,10K,77
R-0963,57,Female,64,182,59,96.9,5.83,4.96,0.66,24.1,50.6,112.3,241.4,10K,49.2
R-0964,57,Male,73,192,38.7,30,7.4,6.29,0.92,32.6,68.5,152.1,327,Half Marathon,150
R-0965,56,Female,50,177,56,99.8,5.25,4.46,0.72,21.9,46,102.1,219.5,5K,22.2
R-0966,23,Male,54,187,47.5,54.9,6.6,5.61,0.73,28.3,59.4,131.9,283.6,10K,55.5
R-0967,23,Female,65,181,50.4,37.7,5.97,5.07,0.6,25.3,53.1,117.9,253.5,Half Marathon,119.3
R-0968,20,Female,54,200,62.1,68.5,4.83,4.11,0.88,19.7,41.4,91.9,197.6,Half Marathon,94
R-0969,24,Male,57,183,61.7,97.4,4.54,3.86,0.65,18.5,38.8,86.1,185.1,Half Marathon,82.7
R-0970,25,Male,61,203,59.5,98.3,5.61,4.77,0.91,23.1,48.5,107.7,231.6,10K,48
R-0971,59,Female,53,187,50.3,53,7.26,6.17,0.8,30.8,64.7,143.6,308.7,10K,67.6
R-0972,32,Female,61,203,57.1,99.9,6.07,5.16,0.91,25.2,52.9,117.4,252.4,5K,25.7
R-0973,46,Female,68,180,50.4,77.7,6.41,5.45,0.83,27.2,57.1,126.8,272.6,5K,27.6
R-0974,50,Male,53,181,61.1,91.7,5.37,4.56,0.63,22,46.2,102.6,220.6,Half Marathon,105.7
R-0975,47,Female,53,184,47.1,57.7,5.27,4.48,0.91,22.6,47.5,105.4,226.6,Half Marathon,111.1
R-0976,56,Male,45,200,64.1,106.5,4.88,4.15,0.63,19.8,41.6,92.4,198.7,10K,41.6
R-0977,44,Male,46,198,63,113.6,4.49,3.82,0.79,18.3,38.4,85.2,183.2,10K,37.9
R-0978,53,Female,72,195,57.2,86,5.85,4.97,0.67,24.3,51,113.2,243.4,5K,25
R-0979,46,Male,60,187,43.4,44.3,7.03,5.98,0.9,30.6,64.3,142.7,306.8,5K,30.4
R-0980,55,Female,73,201,38.9,37.1,7.18,6.1,0.96,31.6,66.4,147.4,316.9,Full Marathon,308.1
R-0981,50,Female,45,191,60.6,93.6,5.5,4.68,0.82,22.6,47.5,105.4,226.6,5K,22.2
R-0982,54,Female,54,207,40,42.6,7.55,6.42,0.81,33.2,69.7,154.7,332.6,10K,70.4
R-0983,44,Female,62,186,60.6,72.6,6.2,5.27,0.91,25.4,53.3,118.3,254.3,Half Marathon,116.7
R-0984,50,Female,70,192,49.7,62.4,6.87,5.84,0.6,29.2,61.3,136.1,292.6,Full Marathon,289.3
R-0985,21,Male,72,193,47.2,57.1,6.89,5.86,0.97,29.6,62.2,138.1,296.9,5K,28.7
R-0986,39,Male,52,177,62.1,91.5,4.82,4.1,0.68,19.7,41.4,91.9,197.6,5K,20.5
R-0987,19,Female,65,175,53.1,76.1,5.65,4.8,0.99,23.8,50,111,238.6,10K,49.5
R-0988,27,Female,72,174,52.3,85.3,6.57,5.58,0.89,27.7,58.2,129.2,277.8,Full Marathon,271.9
R-0989,22,Male,55,198,51.8,66.2,6.22,5.29,0.91,26.3,55.2,122.5,263.4,5K,25.8
R-0990,27,Male,67,197,46.1,56.5,7.01,5.96,0.86,30.2,63.4,140.7,302.5,Half Marathon,144.1
R-0991,50,Male,46,180,58.6,99,6.13,5.21,0.79,25.3,53.1,117.9,253.5,10K,54
R-0992,55,Male,52,170,42.6,41.9,6.48,5.51,0.83,28.2,59.2,131.4,282.5,Full Marathon,278.2
R-0993,30,Female,71,188,63.2,86.3,5.88,5,0.62,23.9,50.2,111.4,239.5,5K,23.9
R-0994,48,Female,66,178,61.8,97.6,5.8,4.93,0.85,23.7,49.8,110.6,237.8,5K,23.9
R-0995,53,Male,52,196,45.1,24.9,5.96,5.07,0.85,25.8,54.2,120.3,258.6,Full Marathon,253.1
R-0996,41,Female,61,203,56.9,55.4,6.99,5.94,0.96,29,60.9,135.2,290.7,10K,58.1
R-0997,32,Male,59,173,52.2,69.2,6.44,5.47,0.8,27.1,56.9,126.3,271.5,Full Marathon,275.7
R-0998,46,Female,61,205,45.1,23.5,6.75,5.74,0.63,29.2,61.3,136.1,292.6,Full Marathon,286.9
R-0999,25,Male,72,187,64.7,86,5.29,4.5,0.72,21.4,44.9,99.7,214.4,10K,45.5
R-1000,22,Female,67,184,35.8,18.3,7.43,6.32,0.86,33.1,69.5,154.3,331.7,5K,33.4
